organization,project_id,location,location_id,location_buffer_m,longitude,latitude,equipment_make,equipment_model,recording_id,recording_date_time,task_id,is_complete,task_duration,task_method,species_code,species_common_name,species_scientific_name,individual_order,tag_id,individual_count,vocalization,detection_time,tag_duration,rms_peak_dbfs,tag_is_verified,tag_rating,observer,observer_id,task_comments
CWS-PAC,3307,201-017,539360,,-134.857380,59.924050,,,2453931,2024-06-02 05:47:00,2228831,t,300s,1SPT,FOSP,Fox Sparrow,PASSERELLA ILIACA,2,5023675,1,Song,21.54,2.53,0,f,,Dominic Cormier,1388,
CWS-PAC,3307,201-017,539360,,-134.857380,59.924050,,,2453931,2024-06-02 05:47:00,2228831,t,300s,1SPT,FOSP,Fox Sparrow,PASSERELLA ILIACA,3,5023682,1,Song,100.21,2.98,85,f,,Dominic Cormier,1388,
CWS-PAC,3307,201-017,539360,,-134.857380,59.924050,,,2453931,2024-06-02 05:47:00,2228831,t,300s,1SPT,PAWR,Pacific Wren,TROGLODYTES PACIFICUS,1,5023667,1,Song,1.05,4.03,84,f,,Dominic Cormier,1388,
CWS-PAC,3307,201-017,539360,,-134.857380,59.924050,,,2453931,2024-06-02 05:47:00,2228831,t,300s,1SPT,YRWA,Yellow-rumped Warbler,SETOPHAGA CORONATA,1,5023681,1,Song,82.11,1.76,49,f,,Dominic Cormier,1388,
CWS-PAC,3307,201-017,539360,,-134.857380,59.924050,,,2453931,2024-06-02 05:47:00,2228831,t,300s,1SPT,WCSP,White-crowned Sparrow,ZONOTRICHIA LEUCOPHRYS,1,5023687,1,Song,166.94,1.96,32,f,,Dominic Cormier,1388,
CWS-PAC,3307,201-017,539360,,-134.857380,59.924050,,,2453931,2024-06-02 05:47:00,2228831,t,300s,1SPT,WIWA,Wilson's Warbler,CARDELLINA PUSILLA,1,5023642,1,Song,8.69,1.55,26,f,,Dominic Cormier,1388,
CWS-PAC,3307,201-017,539360,,-134.857380,59.924050,,,2453931,2024-06-02 05:47:00,2228831,t,300s,1SPT,RCKI,Ruby-crowned Kinglet,CORTHYLIO CALENDULA,1,5023641,1,Song,1.45,2.05,69,f,,Dominic Cormier,1388,
CWS-PAC,3307,201-017,539360,,-134.857380,59.924050,,,2453931,2024-06-02 05:47:00,2228831,t,300s,1SPT,FOSP,Fox Sparrow,PASSERELLA ILIACA,1,5023640,1,Song,3.89,3.03,65,f,,Dominic Cormier,1388,
CWS-PAC,3307,201-017,539360,,-134.857380,59.924050,,,2453928,2024-06-04 05:44:00,2228828,t,300s,1SPT,VATH,Varied Thrush,IXOREUS NAEVIUS,1,5021249,1,Song,8.58,1.86,59,f,,Dominic Cormier,1388,
CWS-PAC,3307,201-017,539360,,-134.857380,59.924050,,,2453928,2024-06-04 05:44:00,2228828,t,300s,1SPT,YRWA,Yellow-rumped Warbler,SETOPHAGA CORONATA,1,5021285,1,Call,148.61,0.74,43,f,,Dominic Cormier,1388,
CWS-PAC,3307,201-017,539360,,-134.857380,59.924050,,,2453928,2024-06-04 05:44:00,2228828,t,300s,1SPT,REDP,Redpoll,ACANTHIS FLAMMEA,1,5021278,1,Call,24.25,0.79,70,f,,Dominic Cormier,1388,
CWS-PAC,3307,201-017,539360,,-134.857380,59.924050,,,2453928,2024-06-04 05:44:00,2228828,t,300s,1SPT,BLPW,Blackpoll Warbler,SETOPHAGA STRIATA,1,5021284,1,Song,138.90,1.26,64,f,,Dominic Cormier,1388,
CWS-PAC,3307,201-017,539360,,-134.857380,59.924050,,,2453928,2024-06-04 05:44:00,2228828,t,300s,1SPT,WIWA,Wilson's Warbler,CARDELLINA PUSILLA,1,5021275,1,Song,2.43,2.19,25,f,,Dominic Cormier,1388,
CWS-PAC,3307,201-017,539360,,-134.857380,59.924050,,,2453928,2024-06-04 05:44:00,2228828,t,300s,1SPT,FOSP,Fox Sparrow,PASSERELLA ILIACA,1,5021276,1,Song,4.15,2.33,75,f,,Dominic Cormier,1388,
CWS-PAC,3307,201-017,539360,,-134.857380,59.924050,,,2453928,2024-06-04 05:44:00,2228828,t,300s,1SPT,RCKI,Ruby-crowned Kinglet,CORTHYLIO CALENDULA,1,5021248,1,Song,2.21,1.63,90,f,,Dominic Cormier,1388,
CWS-PAC,3307,201-017,539360,,-134.857380,59.924050,,,2453922,2024-06-08 06:40:00,2228822,t,300s,1SPT,WIWA,Wilson's Warbler,CARDELLINA PUSILLA,1,5021247,1,Song,19.58,1.84,30,f,,Dominic Cormier,1388,
CWS-PAC,3307,201-017,539360,,-134.857380,59.924050,,,2453922,2024-06-08 06:40:00,2228822,t,300s,1SPT,FOSP,Fox Sparrow,PASSERELLA ILIACA,1,5021273,1,Song,264.45,2.79,10,f,,Dominic Cormier,1388,
CWS-PAC,3307,201-017,539360,,-134.857380,59.924050,,,2453922,2024-06-08 06:40:00,2228822,t,300s,1SPT,RCKI,Ruby-crowned Kinglet,CORTHYLIO CALENDULA,1,5021246,1,Song,1.43,1.91,70,f,,Dominic Cormier,1388,
CWS-PAC,3307,201-017,539360,,-134.857380,59.924050,,,2453922,2024-06-08 06:40:00,2228822,t,300s,1SPT,RECR,Red Crossbill,LOXIA CURVIROSTRA,1,5021265,1,Call,114.19,1.36,54,f,,Dominic Cormier,1388,
CWS-PAC,3307,201-017,539360,,-134.857380,59.924050,,,2453922,2024-06-08 06:40:00,2228822,t,300s,1SPT,HETH,Hermit Thrush,CATHARUS GUTTATUS,1,5021266,1,Call,116.44,0.85,65,f,,Dominic Cormier,1388,
CWS-PAC,3307,201-017,539360,,-134.857380,59.924050,,,2453922,2024-06-08 06:40:00,2228822,t,300s,1SPT,YRWA,Yellow-rumped Warbler,SETOPHAGA CORONATA,1,5021259,1,Song,24.18,1.46,30,f,,Dominic Cormier,1388,
CWS-PAC,3307,201-017,539360,,-134.857380,59.924050,,,2453922,2024-06-08 06:40:00,2228822,t,300s,1SPT,BOCH,Boreal Chickadee,POECILE HUDSONICUS,1,5021263,1,Call,52.26,0.61,10,f,,Dominic Cormier,1388,
CWS-PAC,3307,201-017,539360,,-134.857380,59.924050,,,2453922,2024-06-08 06:40:00,2228822,t,300s,1SPT,PAWR,Pacific Wren,TROGLODYTES PACIFICUS,1,5021267,1,Song,164.11,2.54,22,f,,Dominic Cormier,1388,
CWS-PAC,3307,201-017,539360,,-134.857380,59.924050,,,2453922,2024-06-08 06:40:00,2228822,t,300s,1SPT,AMPI,American Pipit,ANTHUS RUBESCENS,1,5021264,1,Call,67.58,0.70,35,f,,Dominic Cormier,1388,
CWS-PAC,3307,201-017,539360,,-134.857380,59.924050,,,2453923,2024-06-13 04:37:00,2228823,t,300s,1SPT,HETH,Hermit Thrush,CATHARUS GUTTATUS,2,5021293,1,Song,161.63,0.98,54,f,,Dominic Cormier,1388,
CWS-PAC,3307,201-017,539360,,-134.857380,59.924050,,,2453923,2024-06-13 04:37:00,2228823,t,300s,1SPT,FOSP,Fox Sparrow,PASSERELLA ILIACA,1,5021280,1,Song,9.64,2.63,76,f,,Dominic Cormier,1388,
CWS-PAC,3307,201-017,539360,,-134.857380,59.924050,,,2453923,2024-06-13 04:37:00,2228823,t,300s,1SPT,PAWR,Pacific Wren,TROGLODYTES PACIFICUS,1,5021291,1,Song,83.98,4.54,8,f,,Dominic Cormier,1388,
CWS-PAC,3307,201-017,539360,,-134.857380,59.924050,,,2453923,2024-06-13 04:37:00,2228823,t,300s,1SPT,YRWA,Yellow-rumped Warbler,SETOPHAGA CORONATA,1,5021251,1,Song,6.00,2.46,56,f,,Dominic Cormier,1388,
CWS-PAC,3307,201-017,539360,,-134.857380,59.924050,,,2453923,2024-06-13 04:37:00,2228823,t,300s,1SPT,HETH,Hermit Thrush,CATHARUS GUTTATUS,1,5021250,1,Song,4.54,1.31,47,f,,Dominic Cormier,1388,
CWS-PAC,3307,201-017,539360,,-134.857380,59.924050,,,2453923,2024-06-13 04:37:00,2228823,t,300s,1SPT,DEJU,Dark-eyed Junco,JUNCO HYEMALIS,1,5021295,1,Song,259.06,2.75,37,f,,Dominic Cormier,1388,
CWS-PAC,3307,201-017,539360,,-134.857380,59.924050,,,2453923,2024-06-13 04:37:00,2228823,t,300s,1SPT,WIWA,Wilson's Warbler,CARDELLINA PUSILLA,1,5021290,1,Song,12.29,1.53,91,f,,Dominic Cormier,1388,
CWS-PAC,3307,201-017,539360,,-134.857380,59.924050,,,2453923,2024-06-13 04:37:00,2228823,t,300s,1SPT,UNPA,Unidentified Passerine,"",1,5021292,1,Song,125.69,2.78,19,f,,Dominic Cormier,1388,
CWS-PAC,3307,201-017,539360,,-134.857380,59.924050,,,2453924,2024-06-16 04:36:00,2228824,t,300s,1SPT,BLPW,Blackpoll Warbler,SETOPHAGA STRIATA,1,5021304,1,Song,39.85,1.65,9,f,,Dominic Cormier,1388,
CWS-PAC,3307,201-017,539360,,-134.857380,59.924050,,,2453924,2024-06-16 04:36:00,2228824,t,300s,1SPT,HETH,Hermit Thrush,CATHARUS GUTTATUS,1,5021299,1,Song,3.25,1.39,95,f,,Dominic Cormier,1388,
CWS-PAC,3307,201-017,539360,,-134.857380,59.924050,,,2453924,2024-06-16 04:36:00,2228824,t,300s,1SPT,DEJU,Dark-eyed Junco,JUNCO HYEMALIS,1,5021296,1,Song,1.24,2.16,94,f,,Dominic Cormier,1388,
CWS-PAC,3307,201-017,539360,,-134.857380,59.924050,,,2453924,2024-06-16 04:36:00,2228824,t,300s,1SPT,FOSP,Fox Sparrow,PASSERELLA ILIACA,1,5021302,1,Song,14.11,2.31,14,f,,Dominic Cormier,1388,
CWS-PAC,3307,201-017,539360,,-134.857380,59.924050,,,2453924,2024-06-16 04:36:00,2228824,t,300s,1SPT,YRWA,Yellow-rumped Warbler,SETOPHAGA CORONATA,3,5021301,1,Song,10.99,1.78,62,f,,Dominic Cormier,1388,
CWS-PAC,3307,201-017,539360,,-134.857380,59.924050,,,2453924,2024-06-16 04:36:00,2228824,t,300s,1SPT,YRWA,Yellow-rumped Warbler,SETOPHAGA CORONATA,2,5021300,1,Song,6.08,1.65,1,f,,Dominic Cormier,1388,
CWS-PAC,3307,201-017,539360,,-134.857380,59.924050,,,2453924,2024-06-16 04:36:00,2228824,t,300s,1SPT,YRWA,Yellow-rumped Warbler,SETOPHAGA CORONATA,1,5021298,1,Song,3.73,1.78,50,f,,Dominic Cormier,1388,
CWS-PAC,3307,201-017,539360,,-134.857380,59.924050,,,2453924,2024-06-16 04:36:00,2228824,t,300s,1SPT,HETH,Hermit Thrush,CATHARUS GUTTATUS,2,5021306,1,Song,57.59,1.44,45,f,,Dominic Cormier,1388,
CWS-PAC,3307,201-017,539360,,-134.857380,59.924050,,,2453924,2024-06-16 04:36:00,2228824,t,300s,1SPT,UNPA,Unidentified Passerine,"",1,5021327,1,Call,193.35,5.91,24,f,,Dominic Cormier,1388,
CWS-PAC,3307,201-017,539360,,-134.857380,59.924050,,,2453924,2024-06-16 04:36:00,2228824,t,300s,1SPT,WIWA,Wilson's Warbler,CARDELLINA PUSILLA,1,5021297,1,Song,7.60,1.81,36,f,,Dominic Cormier,1388,
CWS-PAC,3307,201-017,539360,,-134.857380,59.924050,,,2453925,2024-06-20 06:36:00,2228825,t,300s,1SPT,PAWR,Pacific Wren,TROGLODYTES PACIFICUS,1,5023613,1,Song,16.85,8.71,50,f,,Dominic Cormier,1388,
CWS-PAC,3307,201-017,539360,,-134.857380,59.924050,,,2453925,2024-06-20 06:36:00,2228825,t,300s,1SPT,YRWA,Yellow-rumped Warbler,SETOPHAGA CORONATA,1,5023609,1,Song,9.76,1.45,87,f,,Dominic Cormier,1388,
CWS-PAC,3307,201-017,539360,,-134.857380,59.924050,,,2453925,2024-06-20 06:36:00,2228825,t,300s,1SPT,DEJU,Dark-eyed Junco,JUNCO HYEMALIS,1,5023617,1,Song,119.59,2.00,83,f,,Dominic Cormier,1388,
CWS-PAC,3307,201-017,539360,,-134.857380,59.924050,,,2453925,2024-06-20 06:36:00,2228825,t,300s,1SPT,PISI,Pine Siskin,SPINUS PINUS,1,5023610,1,Song,9.01,0.45,33,f,,Dominic Cormier,1388,
CWS-PAC,3307,201-017,539360,,-134.857380,59.924050,,,2453925,2024-06-20 06:36:00,2228825,t,300s,1SPT,GCSP,Golden-crowned Sparrow,ZONOTRICHIA ATRICAPILLA,1,5023619,1,Song,231.54,1.55,58,f,,Dominic Cormier,1388,
CWS-PAC,3307,201-017,539360,,-134.857380,59.924050,,,2453925,2024-06-20 06:36:00,2228825,t,300s,1SPT,WIWA,Wilson's Warbler,CARDELLINA PUSILLA,1,5023607,1,Song,2.40,1.54,46,f,,Dominic Cormier,1388,
CWS-PAC,3307,201-017,539360,,-134.857380,59.924050,,,2453925,2024-06-20 06:36:00,2228825,t,300s,1SPT,FOSP,Fox Sparrow,PASSERELLA ILIACA,1,5023608,1,Song,13.31,2.58,97,f,,Dominic Cormier,1388,
CWS-PAC,3307,201-021,539359,,-134.863850,59.917840,,,2453926,2024-06-01 05:49:00,2228826,t,300s,1SPT,YRWA,Yellow-rumped Warbler,SETOPHAGA CORONATA,1,5023623,1,Song,31.95,1.49,42,f,,Dominic Cormier,1388,
CWS-PAC,3307,201-021,539359,,-134.863850,59.917840,,,2453926,2024-06-01 05:49:00,2228826,t,300s,1SPT,REDP,Redpoll,ACANTHIS FLAMMEA,1,5023624,1,Song,59.83,4.85,48,f,,Dominic Cormier,1388,
CWS-PAC,3307,201-021,539359,,-134.863850,59.917840,,,2453926,2024-06-01 05:49:00,2228826,t,300s,1SPT,GCSP,Golden-crowned Sparrow,ZONOTRICHIA ATRICAPILLA,3,5023626,1,Song,128.61,1.29,54,f,,Dominic Cormier,1388,
CWS-PAC,3307,201-021,539359,,-134.863850,59.917840,,,2453926,2024-06-01 05:49:00,2228826,t,300s,1SPT,GCSP,Golden-crowned Sparrow,ZONOTRICHIA ATRICAPILLA,2,5023622,1,Song,6.11,2.64,47,f,,Dominic Cormier,1388,
CWS-PAC,3307,201-021,539359,,-134.863850,59.917840,,,2453926,2024-06-01 05:49:00,2228826,t,300s,1SPT,GCSP,Golden-crowned Sparrow,ZONOTRICHIA ATRICAPILLA,1,5023621,1,Call,2.91,0.41,73,f,,Dominic Cormier,1388,
CWS-PAC,3307,201-021,539359,,-134.863850,59.917840,,,2453926,2024-06-01 05:49:00,2228826,t,300s,1SPT,AMPI,American Pipit,ANTHUS RUBESCENS,1,5023625,1,Call,116.84,0.54,7,f,,Dominic Cormier,1388,
CWS-PAC,3307,201-021,539359,,-134.863850,59.917840,,,2453927,2024-06-04 06:45:00,2228827,f,300s,1SPT,VATH,Varied Thrush,IXOREUS NAEVIUS,1,5023632,1,Song,79.11,1.61,,,,Dominic Cormier,1388,
CWS-PAC,3307,201-021,539359,,-134.863850,59.917840,,,2453927,2024-06-04 06:45:00,2228827,f,300s,1SPT,WCSP,White-crowned Sparrow,ZONOTRICHIA LEUCOPHRYS,1,5023635,1,Song,32.28,2.11,,,,Dominic Cormier,1388,
CWS-PAC,3307,201-021,539359,,-134.863850,59.917840,,,2453927,2024-06-04 06:45:00,2228827,f,300s,1SPT,AMRO,American Robin,TURDUS MIGRATORIUS,1,5023630,1,Call,39.66,0.73,,,,Dominic Cormier,1388,
CWS-PAC,3307,201-021,539359,,-134.863850,59.917840,,,2453927,2024-06-04 06:45:00,2228827,f,300s,1SPT,UNSP,Unidentified Sparrow,"",1,5023628,1,Song,27.80,2.95,,,,Dominic Cormier,1388,
CWS-PAC,3307,201-021,539359,,-134.863850,59.917840,,,2453927,2024-06-04 06:45:00,2228827,f,300s,1SPT,UNPA,Unidentified Passerine,"",4,5023633,1,Call,255.11,0.73,,,,Dominic Cormier,1388,
CWS-PAC,3307,201-021,539359,,-134.863850,59.917840,,,2453927,2024-06-04 06:45:00,2228827,f,300s,1SPT,UNPA,Unidentified Passerine,"",3,5023697,1,Call,243.69,0.78,,,,Dominic Cormier,1388,
CWS-PAC,3307,201-021,539359,,-134.863850,59.917840,,,2453927,2024-06-04 06:45:00,2228827,f,300s,1SPT,UNPA,Unidentified Passerine,"",2,5023629,1,Call,20.58,3.75,,,,Dominic Cormier,1388,
CWS-PAC,3307,201-021,539359,,-134.863850,59.917840,,,2453927,2024-06-04 06:45:00,2228827,f,300s,1SPT,UNPA,Unidentified Passerine,"",1,5023636,1,Call,5.39,0.71,,,,Dominic Cormier,1388,
CWS-PAC,3307,201-021,539359,,-134.863850,59.917840,,,2453927,2024-06-04 06:45:00,2228827,f,300s,1SPT,WIWA,Wilson's Warbler,CARDELLINA PUSILLA,1,5023637,1,Song,0.29,1.40,,,,Dominic Cormier,1388,
CWS-PAC,3307,201-021,539359,,-134.863850,59.917840,,,2453929,2024-06-06 07:42:00,2228829,t,300s,1SPT,NONE,NONE,"",,,,,,,,,,Dominic Cormier,1388,
CWS-PAC,3307,201-021,539359,,-134.863850,59.917840,,,2578715,2024-06-09 06:40:00,2353903,f,300s,1SPT,UNPA,Unidentified Passerine,"",1,5036254,1,Call,219.26,1.13,,,,Dominic Cormier,1388,
CWS-PAC,3307,201-021,539359,,-134.863850,59.917840,,,2578715,2024-06-09 06:40:00,2353903,f,300s,1SPT,AMRO,American Robin,TURDUS MIGRATORIUS,1,5036077,1,Song,248.09,2.58,,,,Dominic Cormier,1388,
CWS-PAC,3307,201-021,539359,,-134.863850,59.917840,,,2578715,2024-06-09 06:40:00,2353903,f,300s,1SPT,UROPAR,Arctic Ground Squirrel,UROCITELLUS PARRYII,1,5036074,1,Call,174.78,0.61,,,,Dominic Cormier,1388,
CWS-PAC,3307,201-021,539359,,-134.863850,59.917840,,,2578715,2024-06-09 06:40:00,2353903,f,300s,1SPT,GCSP,Golden-crowned Sparrow,ZONOTRICHIA ATRICAPILLA,1,5036014,1,Call,1.78,1.41,,,,Dominic Cormier,1388,
CWS-PAC,3307,201-021,539359,,-134.863850,59.917840,,,2453930,2024-06-12 04:38:00,2228830,t,300s,1SPT,GCSP,Golden-crowned Sparrow,ZONOTRICHIA ATRICAPILLA,1,5023639,1,Song,0.08,2.48,29,f,,Dominic Cormier,1388,
CWS-PAC,3307,201-021,539359,,-134.863850,59.917840,,,2453930,2024-06-12 04:38:00,2228830,t,300s,1SPT,GCSP,Golden-crowned Sparrow,ZONOTRICHIA ATRICAPILLA,2,5023644,1,Song,11.80,2.70,28,f,,Dominic Cormier,1388,
CWS-PAC,3307,201-021,539359,,-134.863850,59.917840,,,2453930,2024-06-12 04:38:00,2228830,t,300s,1SPT,AMRO,American Robin,TURDUS MIGRATORIUS,1,5023647,1,Call,40.98,1.01,56,f,,Dominic Cormier,1388,
CWS-PAC,3307,201-021,539359,,-134.863850,59.917840,,,2453944,2024-06-17 04:36:00,2228844,t,300s,1SPT,GCSP,Golden-crowned Sparrow,ZONOTRICHIA ATRICAPILLA,3,5023735,1,Call,79.76,0.69,15,f,,Dominic Cormier,1388,
CWS-PAC,3307,201-021,539359,,-134.863850,59.917840,,,2453944,2024-06-17 04:36:00,2228844,t,300s,1SPT,WIWA,Wilson's Warbler,CARDELLINA PUSILLA,1,5023732,1,Song,0.13,1.10,33,f,,Dominic Cormier,1388,
CWS-PAC,3307,201-021,539359,,-134.863850,59.917840,,,2453944,2024-06-17 04:36:00,2228844,t,300s,1SPT,GCSP,Golden-crowned Sparrow,ZONOTRICHIA ATRICAPILLA,1,5023733,1,Song,10.11,2.55,36,f,,Dominic Cormier,1388,
CWS-PAC,3307,201-021,539359,,-134.863850,59.917840,,,2453944,2024-06-17 04:36:00,2228844,t,300s,1SPT,GCSP,Golden-crowned Sparrow,ZONOTRICHIA ATRICAPILLA,2,5023734,1,Song,15.79,0.91,13,f,,Dominic Cormier,1388,
CWS-PAC,3307,201-021,539359,,-134.863850,59.917840,,,2453933,2024-06-18 07:36:00,2228833,f,300s,1SPT,UNSP,Unidentified Sparrow,"",1,5023719,1,Call,153.66,0.45,,,,Dominic Cormier,1388,
CWS-PAC,3307,201-021,539359,,-134.863850,59.917840,,,2453933,2024-06-18 07:36:00,2228833,f,300s,1SPT,HOLA,Horned Lark,EREMOPHILA ALPESTRIS,1,5023721,1,Song,178.44,1.36,,,,Dominic Cormier,1388,
CWS-PAC,3307,201-021,539359,,-134.863850,59.917840,,,2453933,2024-06-18 07:36:00,2228833,f,300s,1SPT,WTPT,White-tailed Ptarmigan,LAGOPUS LEUCERA,1,5023710,1,Call,122.89,1.59,,,,Dominic Cormier,1388,
CWS-PAC,3307,201-022,539358,,-134.815890,59.918080,,,2578700,2024-06-03 07:46:00,2353888,t,300s,1SPT,WIWA,Wilson's Warbler,CARDELLINA PUSILLA,1,5035461,1,Song,9.08,1.78,92,f,,Dominic Cormier,1388,
CWS-PAC,3307,201-022,539358,,-134.815890,59.918080,,,2578700,2024-06-03 07:46:00,2353888,t,300s,1SPT,TOWA,Townsend's Warbler,SETOPHAGA TOWNSENDI,1,5035462,1,Song,5.80,2.19,8,f,,Dominic Cormier,1388,
CWS-PAC,3307,201-022,539358,,-134.815890,59.918080,,,2578700,2024-06-03 07:46:00,2353888,t,300s,1SPT,TOWA,Townsend's Warbler,SETOPHAGA TOWNSENDI,2,5035479,1,Song,32.90,1.95,35,f,,Dominic Cormier,1388,
CWS-PAC,3307,201-022,539358,,-134.815890,59.918080,,,2578700,2024-06-03 07:46:00,2353888,t,300s,1SPT,HETH,Hermit Thrush,CATHARUS GUTTATUS,1,5035463,1,Song,4.85,1.45,60,f,,Dominic Cormier,1388,
CWS-PAC,3307,201-022,539358,,-134.815890,59.918080,,,2578700,2024-06-03 07:46:00,2353888,t,300s,1SPT,PAWR,Pacific Wren,TROGLODYTES PACIFICUS,1,5035498,1,Song,264.83,6.94,85,f,,Dominic Cormier,1388,
CWS-PAC,3307,201-022,539358,,-134.815890,59.918080,,,2578701,2024-06-06 07:42:00,2353889,t,300s,1SPT,WIWA,Wilson's Warbler,CARDELLINA PUSILLA,1,5035506,1,Song,77.65,1.04,88,f,,Dominic Cormier,1388,
CWS-PAC,3307,201-022,539358,,-134.815890,59.918080,,,2578701,2024-06-06 07:42:00,2353889,t,300s,1SPT,TOWA,Townsend's Warbler,SETOPHAGA TOWNSENDI,1,5035465,1,Song,9.61,1.41,69,f,,Dominic Cormier,1388,
CWS-PAC,3307,201-022,539358,,-134.815890,59.918080,,,2578701,2024-06-06 07:42:00,2353889,t,300s,1SPT,TOWA,Townsend's Warbler,SETOPHAGA TOWNSENDI,2,5035503,1,Call,25.51,0.41,10,f,,Dominic Cormier,1388,
CWS-PAC,3307,201-022,539358,,-134.815890,59.918080,,,2578701,2024-06-06 07:42:00,2353889,t,300s,1SPT,PAWR,Pacific Wren,TROGLODYTES PACIFICUS,1,5035502,1,Song,12.98,5.45,45,f,,Dominic Cormier,1388,
CWS-PAC,3307,201-022,539358,,-134.815890,59.918080,,,2578701,2024-06-06 07:42:00,2353889,t,300s,1SPT,SWTH,Swainson's Thrush,CATHARUS USTULATUS,1,5035464,1,Song,2.48,1.80,4,f,,Dominic Cormier,1388,
CWS-PAC,3307,201-022,539358,,-134.815890,59.918080,,,2578702,2024-06-09 07:39:00,2353890,t,300s,1SPT,WIWA,Wilson's Warbler,CARDELLINA PUSILLA,1,5035522,1,Song,0.11,0.93,50,f,,Dominic Cormier,1388,
CWS-PAC,3307,201-022,539358,,-134.815890,59.918080,,,2578702,2024-06-09 07:39:00,2353890,t,300s,1SPT,TOWA,Townsend's Warbler,SETOPHAGA TOWNSENDI,2,5035467,1,Song,4.34,2.41,22,f,,Dominic Cormier,1388,
CWS-PAC,3307,201-022,539358,,-134.815890,59.918080,,,2578702,2024-06-09 07:39:00,2353890,t,300s,1SPT,TOWA,Townsend's Warbler,SETOPHAGA TOWNSENDI,1,5035466,1,Song,1.05,2.41,67,f,,Dominic Cormier,1388,
CWS-PAC,3307,201-022,539358,,-134.815890,59.918080,,,2578703,2024-06-17 04:36:00,2353891,t,300s,1SPT,PAWR,Pacific Wren,TROGLODYTES PACIFICUS,1,5035569,1,Song,55.06,5.31,91,f,,Dominic Cormier,1388,
CWS-PAC,3307,201-022,539358,,-134.815890,59.918080,,,2578703,2024-06-17 04:36:00,2353891,t,300s,1SPT,TOWA,Townsend's Warbler,SETOPHAGA TOWNSENDI,3,5035590,1,Song,242.06,1.44,90,f,,Dominic Cormier,1388,
CWS-PAC,3307,201-022,539358,,-134.815890,59.918080,,,2578703,2024-06-17 04:36:00,2353891,t,300s,1SPT,TOWA,Townsend's Warbler,SETOPHAGA TOWNSENDI,2,5035559,1,Song,5.51,1.53,85,f,,Dominic Cormier,1388,
CWS-PAC,3307,201-022,539358,,-134.815890,59.918080,,,2578703,2024-06-17 04:36:00,2353891,t,300s,1SPT,TOWA,Townsend's Warbler,SETOPHAGA TOWNSENDI,1,5035468,1,Song,0.53,2.06,2,f,,Dominic Cormier,1388,
CWS-PAC,3307,201-022,539358,,-134.815890,59.918080,,,2578704,2024-06-18 04:36:00,2353892,t,300s,1SPT,TOWA,Townsend's Warbler,SETOPHAGA TOWNSENDI,1,5035470,1,Song,3.18,1.53,23,f,,Dominic Cormier,1388,
CWS-PAC,3307,201-022,539358,,-134.815890,59.918080,,,2578704,2024-06-18 04:36:00,2353892,t,300s,1SPT,PAWR,Pacific Wren,TROGLODYTES PACIFICUS,1,5035469,1,Song,6.35,6.69,90,f,,Dominic Cormier,1388,
CWS-PAC,3307,201-022,539358,,-134.815890,59.918080,,,2578704,2024-06-18 04:36:00,2353892,t,300s,1SPT,TOWA,Townsend's Warbler,SETOPHAGA TOWNSENDI,2,5035471,1,Song,4.71,1.96,64,f,,Dominic Cormier,1388,
CWS-PAC,3307,201-022,539358,,-134.815890,59.918080,,,2578705,2024-06-19 05:36:00,2353893,t,300s,1SPT,RESQ,Red Squirrel,TAMIASCIURUS HUDSONICUS,1,5035649,1,Call,279.11,0.49,88,f,,Dominic Cormier,1388,
CWS-PAC,3307,201-022,539358,,-134.815890,59.918080,,,2578705,2024-06-19 05:36:00,2353893,t,300s,1SPT,TOWA,Townsend's Warbler,SETOPHAGA TOWNSENDI,1,5035638,1,Song,139.54,1.90,98,f,,Dominic Cormier,1388,
CWS-PAC,3307,201-029,539357,,-134.853740,59.924710,,,2453932,2024-06-04 07:44:00,2228832,f,300s,1SPT,BLPW,Blackpoll Warbler,SETOPHAGA STRIATA,1,5023742,1,Song,27.30,1.44,,,,Dominic Cormier,1388,
CWS-PAC,3307,201-029,539357,,-134.853740,59.924710,,,2453932,2024-06-04 07:44:00,2228832,f,300s,1SPT,UNTH,Unidentified Thrush,"",1,5023755,1,Call,287.43,0.76,,,,Dominic Cormier,1388,
CWS-PAC,3307,201-029,539357,,-134.853740,59.924710,,,2453932,2024-06-04 07:44:00,2228832,f,300s,1SPT,UNPA,Unidentified Passerine,"",1,5023741,1,Call,20.85,0.94,,,,Dominic Cormier,1388,
CWS-PAC,3307,201-029,539357,,-134.853740,59.924710,,,2453932,2024-06-04 07:44:00,2228832,f,300s,1SPT,YRWA,Yellow-rumped Warbler,SETOPHAGA CORONATA,1,5023740,1,Song,2.74,1.59,,,,Dominic Cormier,1388,
CWS-PAC,3307,201-029,539357,,-134.853740,59.924710,,,2453943,2024-06-06 06:42:00,2228843,t,300s,1SPT,BOCH,Boreal Chickadee,POECILE HUDSONICUS,1,5023820,1,Call,254.54,1.13,31,f,,Dominic Cormier,1388,
CWS-PAC,3307,201-029,539357,,-134.853740,59.924710,,,2453943,2024-06-06 06:42:00,2228843,t,300s,1SPT,WIWA,Wilson's Warbler,CARDELLINA PUSILLA,1,5023818,1,Song,7.98,1.49,71,f,,Dominic Cormier,1388,
CWS-PAC,3307,201-029,539357,,-134.853740,59.924710,,,2453936,2024-06-07 06:41:00,2228836,f,300s,1SPT,UNPA,Unidentified Passerine,"",1,5023769,1,Call,3.94,0.58,,,,Dominic Cormier,1388,
CWS-PAC,3307,201-029,539357,,-134.853740,59.924710,,,2453936,2024-06-07 06:41:00,2228836,f,300s,1SPT,UNPA,Unidentified Passerine,"",2,5023781,1,Call,147.05,0.81,,,,Dominic Cormier,1388,
CWS-PAC,3307,201-029,539357,,-134.853740,59.924710,,,2453936,2024-06-07 06:41:00,2228836,f,300s,1SPT,HETH,Hermit Thrush,CATHARUS GUTTATUS,1,5023774,1,Song,62.16,0.96,,,,Dominic Cormier,1388,
CWS-PAC,3307,201-029,539357,,-134.853740,59.924710,,,2453936,2024-06-07 06:41:00,2228836,f,300s,1SPT,YRWA,Yellow-rumped Warbler,SETOPHAGA CORONATA,1,5023784,1,Call,240.69,0.61,,,,Dominic Cormier,1388,
CWS-PAC,3307,201-029,539357,,-134.853740,59.924710,,,2453936,2024-06-07 06:41:00,2228836,f,300s,1SPT,BOCH,Boreal Chickadee,POECILE HUDSONICUS,1,5023777,1,Call,93.38,1.50,,,,Dominic Cormier,1388,
CWS-PAC,3307,201-029,539357,,-134.853740,59.924710,,,2453936,2024-06-07 06:41:00,2228836,f,300s,1SPT,PAWR,Pacific Wren,TROGLODYTES PACIFICUS,1,5023770,1,Song,10.75,4.70,,,,Dominic Cormier,1388,
CWS-PAC,3307,201-029,539357,,-134.853740,59.924710,,,2453934,2024-06-16 07:36:00,2228834,t,300s,1SPT,CHSP,Chipping Sparrow,SPIZELLA PASSERINA,1,5023756,1,Song,0.98,2.61,28,f,,Dominic Cormier,1388,
CWS-PAC,3307,201-029,539357,,-134.853740,59.924710,,,2453934,2024-06-16 07:36:00,2228834,t,300s,1SPT,WIWA,Wilson's Warbler,CARDELLINA PUSILLA,1,5023763,1,Song,112.46,1.51,80,f,,Dominic Cormier,1388,
CWS-PAC,3307,201-029,539357,,-134.853740,59.924710,,,2453934,2024-06-16 07:36:00,2228834,t,300s,1SPT,HETH,Hermit Thrush,CATHARUS GUTTATUS,1,5023759,1,Song,39.78,1.10,19,f,,Dominic Cormier,1388,
CWS-PAC,3307,201-029,539357,,-134.853740,59.924710,,,2453934,2024-06-16 07:36:00,2228834,t,300s,1SPT,PAWR,Pacific Wren,TROGLODYTES PACIFICUS,1,5023757,1,Song,3.59,4.93,46,f,,Dominic Cormier,1388,
CWS-PAC,3307,201-029,539357,,-134.853740,59.924710,,,2453937,2024-06-18 04:36:00,2228837,t,300s,1SPT,PAWR,Pacific Wren,TROGLODYTES PACIFICUS,1,5023796,1,Song,63.83,4.84,13,f,,Dominic Cormier,1388,
CWS-PAC,3307,201-029,539357,,-134.853740,59.924710,,,2453937,2024-06-18 04:36:00,2228837,t,300s,1SPT,VATH,Varied Thrush,IXOREUS NAEVIUS,1,5023794,1,Song,22.54,1.25,45,f,,Dominic Cormier,1388,
CWS-PAC,3307,201-029,539357,,-134.853740,59.924710,,,2453937,2024-06-18 04:36:00,2228837,t,300s,1SPT,HETH,Hermit Thrush,CATHARUS GUTTATUS,2,5023792,1,Song,27.76,1.35,47,f,,Dominic Cormier,1388,
CWS-PAC,3307,201-029,539357,,-134.853740,59.924710,,,2453937,2024-06-18 04:36:00,2228837,t,300s,1SPT,HETH,Hermit Thrush,CATHARUS GUTTATUS,1,5023790,1,Song,2.44,1.55,22,f,,Dominic Cormier,1388,
CWS-PAC,3307,201-029,539357,,-134.853740,59.924710,,,2453938,2024-06-19 07:36:00,2228838,f,300s,1SPT,RCKI,Ruby-crowned Kinglet,CORTHYLIO CALENDULA,1,5023815,1,Song,45.69,3.34,,,,Dominic Cormier,1388,
CWS-PAC,3307,201-029,539357,,-134.853740,59.924710,,,2453938,2024-06-19 07:36:00,2228838,f,300s,1SPT,UNPA,Unidentified Passerine,"",1,5023813,1,Call,10.75,0.81,,,,Dominic Cormier,1388,
CWS-PAC,3307,201-029,539357,,-134.853740,59.924710,,,2453938,2024-06-19 07:36:00,2228838,f,300s,1SPT,HETH,Hermit Thrush,CATHARUS GUTTATUS,1,5023814,1,Call,21.98,0.60,,,,Dominic Cormier,1388,
CWS-PAC,3307,201-030,539356,,-134.848268,59.924884,,,2453940,2024-06-04 04:44:00,2228840,t,300s,1SPT,WIWA,Wilson's Warbler,CARDELLINA PUSILLA,1,5023823,1,Song,7.69,1.45,3,f,,Dominic Cormier,1388,
CWS-PAC,3307,201-030,539356,,-134.848268,59.924884,,,2453939,2024-06-08 05:40:00,2228839,t,300s,1SPT,PAWR,Pacific Wren,TROGLODYTES PACIFICUS,1,5023821,1,Song,0.06,4.10,95,f,,Dominic Cormier,1388,
CWS-PAC,3307,201-030,539356,,-134.848268,59.924884,,,2453939,2024-06-08 05:40:00,2228839,t,300s,1SPT,HETH,Hermit Thrush,CATHARUS GUTTATUS,1,5023822,1,Song,199.73,1.11,5,f,,Dominic Cormier,1388,
CWS-PAC,3307,201-030,539356,,-134.848268,59.924884,,,2453942,2024-06-12 04:37:00,2228842,t,300s,1SPT,BLPW,Blackpoll Warbler,SETOPHAGA STRIATA,1,5031975,1,Song,4.58,1.66,18,f,,Dominic Cormier,1388,
CWS-PAC,3307,201-030,539356,,-134.848268,59.924884,,,2453941,2024-06-15 06:36:00,2228841,t,300s,1SPT,BLPW,Blackpoll Warbler,SETOPHAGA STRIATA,1,5031974,1,Song,14.56,1.84,94,f,,Dominic Cormier,1388,
CWS-PAC,3307,201-030,539356,,-134.848268,59.924884,,,2453945,2024-06-16 06:36:00,2228845,t,300s,1SPT,BLPW,Blackpoll Warbler,SETOPHAGA STRIATA,1,5031976,1,Song,3.53,2.10,15,f,,Dominic Cormier,1388,
CWS-PAC,3307,201-030,539356,,-134.848268,59.924884,,,2453946,2024-06-20 04:36:00,2228846,t,300s,1SPT,HETH,Hermit Thrush,CATHARUS GUTTATUS,1,5032046,1,Song,83.19,1.28,76,f,,Dominic Cormier,1388,
CWS-PAC,3307,201-042,539355,,-134.825443,59.926459,,,2578712,2024-06-01 04:48:00,2353900,t,300s,1SPT,NONE,NONE,"",,,,,,,,,,Dominic Cormier,1388,
CWS-PAC,3307,201-042,539355,,-134.825443,59.926459,,,2453948,2024-06-02 05:47:00,2228848,t,300s,1SPT,GCSP,Golden-crowned Sparrow,ZONOTRICHIA ATRICAPILLA,1,5032053,1,Call,81.15,0.53,87,f,,Dominic Cormier,1388,
CWS-PAC,3307,201-042,539355,,-134.825443,59.926459,,,2453948,2024-06-02 05:47:00,2228848,t,300s,1SPT,PAWR,Pacific Wren,TROGLODYTES PACIFICUS,1,5032051,1,Song,0.00,1.14,10,f,,Dominic Cormier,1388,
CWS-PAC,3307,201-042,539355,,-134.825443,59.926459,,,2453951,2024-06-04 05:44:00,2228851,t,300s,1SPT,WIWA,Wilson's Warbler,CARDELLINA PUSILLA,1,5032065,1,Song,192.23,1.46,26,f,,Dominic Cormier,1388,
CWS-PAC,3307,201-042,539355,,-134.825443,59.926459,,,2453951,2024-06-04 05:44:00,2228851,t,300s,1SPT,VATH,Varied Thrush,IXOREUS NAEVIUS,1,5032063,1,Song,55.76,1.29,92,f,,Dominic Cormier,1388,
CWS-PAC,3307,201-042,539355,,-134.825443,59.926459,,,2453951,2024-06-04 05:44:00,2228851,t,300s,1SPT,TOWA,Townsend's Warbler,SETOPHAGA TOWNSENDI,1,5031979,1,Song,0.13,1.43,43,f,,Dominic Cormier,1388,
CWS-PAC,3307,201-042,539355,,-134.825443,59.926459,,,2453951,2024-06-04 05:44:00,2228851,t,300s,1SPT,UNTH,Unidentified Thrush,"",1,5032058,1,Call,9.53,0.95,10,f,,Dominic Cormier,1388,
CWS-PAC,3307,201-042,539355,,-134.825443,59.926459,,,2453951,2024-06-04 05:44:00,2228851,t,300s,1SPT,GCSP,Golden-crowned Sparrow,ZONOTRICHIA ATRICAPILLA,1,5032059,1,Song,39.55,0.73,59,f,,Dominic Cormier,1388,
CWS-PAC,3307,201-042,539355,,-134.825443,59.926459,,,2453951,2024-06-04 05:44:00,2228851,t,300s,1SPT,GCTH,Gray-cheeked Thrush,CATHARUS MINIMUS,1,5032061,1,Song,35.23,1.79,42,f,,Dominic Cormier,1388,
CWS-PAC,3307,201-042,539355,,-134.825443,59.926459,,,2453947,2024-06-05 07:43:00,2228847,t,300s,1SPT,WIWA,Wilson's Warbler,CARDELLINA PUSILLA,1,5031978,1,Song,11.38,1.31,14,f,,Dominic Cormier,1388,
CWS-PAC,3307,201-042,539355,,-134.825443,59.926459,,,2453947,2024-06-05 07:43:00,2228847,t,300s,1SPT,PAWR,Pacific Wren,TROGLODYTES PACIFICUS,1,5031977,1,Song,0.08,5.76,31,f,,Dominic Cormier,1388,
CWS-PAC,3307,201-042,539355,,-134.825443,59.926459,,,2578713,2024-06-07 04:41:00,2353901,t,300s,1SPT,VATH,Varied Thrush,IXOREUS NAEVIUS,1,5035846,1,Song,108.94,1.66,80,f,,Dominic Cormier,1388,
CWS-PAC,3307,201-042,539355,,-134.825443,59.926459,,,2578713,2024-06-07 04:41:00,2353901,t,300s,1SPT,TOWA,Townsend's Warbler,SETOPHAGA TOWNSENDI,1,5035837,1,Song,8.44,1.84,8,f,,Dominic Cormier,1388,
CWS-PAC,3307,201-042,539355,,-134.825443,59.926459,,,2578713,2024-06-07 04:41:00,2353901,t,300s,1SPT,GCRF,Gray-crowned Rosy-Finch,LEUCOSTICTE TEPHROCOTIS,1,5035831,1,Song,0.10,1.63,36,f,,Dominic Cormier,1388,
CWS-PAC,3307,201-042,539355,,-134.825443,59.926459,,,2578713,2024-06-07 04:41:00,2353901,t,300s,1SPT,WIWA,Wilson's Warbler,CARDELLINA PUSILLA,1,5035832,1,Song,1.65,1.83,33,f,,Dominic Cormier,1388,
CWS-PAC,3307,201-042,539355,,-134.825443,59.926459,,,2453899,2024-06-12 04:37:00,2228799,t,300s,1SPT,NONE,NONE,"",,,,,,,,,,Dominic Cormier,1388,
CWS-PAC,3307,201-042,539355,,-134.825443,59.926459,,,2453888,2024-06-13 07:37:00,2228788,t,300s,1SPT,NONE,NONE,"",,,,,,,,,,Dominic Cormier,1388,
CWS-PAC,3307,201-042,539355,,-134.825443,59.926459,,,2453897,2024-06-18 05:36:00,2228797,t,300s,1SPT,NONE,NONE,"",,,,,,,,,,Dominic Cormier,1388,
CWS-PAC,3307,201-042,539355,,-134.825443,59.926459,,,2578714,2024-06-19 06:36:00,2353902,t,300s,1SPT,HETH,Hermit Thrush,CATHARUS GUTTATUS,1,5036068,1,Song,0.63,1.15,12,f,,Dominic Cormier,1388,
CWS-PAC,3307,201-042,539355,,-134.825443,59.926459,,,2578714,2024-06-19 06:36:00,2353902,t,300s,1SPT,TOWA,Townsend's Warbler,SETOPHAGA TOWNSENDI,1,5036069,1,Song,9.60,1.76,33,f,,Dominic Cormier,1388,
CWS-PAC,3307,201-042,539355,,-134.825443,59.926459,,,2578714,2024-06-19 06:36:00,2353902,t,300s,1SPT,GCKI,Golden-crowned Kinglet,REGULUS SATRAPA,1,5036073,1,Call,174.76,0.83,89,f,,Dominic Cormier,1388,
CWS-PAC,3307,201-042,539355,,-134.825443,59.926459,,,2578714,2024-06-19 06:36:00,2353902,t,300s,1SPT,WIWA,Wilson's Warbler,CARDELLINA PUSILLA,1,5036070,1,Song,39.74,1.15,21,f,,Dominic Cormier,1388,
CWS-PAC,3307,201-046,539354,,-134.793380,59.905360,,,2453889,2024-06-03 05:46:00,2228789,t,300s,1SPT,YRWA,Yellow-rumped Warbler,SETOPHAGA CORONATA,1,5013451,1,Song,2.74,1.51,63,f,,Dominic Cormier,1388,
CWS-PAC,3307,201-046,539354,,-134.793380,59.905360,,,2453889,2024-06-03 05:46:00,2228789,t,300s,1SPT,WCSP,White-crowned Sparrow,ZONOTRICHIA LEUCOPHRYS,1,5013456,1,Call,143.96,0.24,26,f,,Dominic Cormier,1388,
CWS-PAC,3307,201-046,539354,,-134.793380,59.905360,,,2453889,2024-06-03 05:46:00,2228789,t,300s,1SPT,WIWA,Wilson's Warbler,CARDELLINA PUSILLA,1,5013452,1,Song,4.93,1.51,80,f,,Dominic Cormier,1388,
CWS-PAC,3307,201-046,539354,,-134.793380,59.905360,,,2453889,2024-06-03 05:46:00,2228789,t,300s,1SPT,RESQ,Red Squirrel,TAMIASCIURUS HUDSONICUS,1,5013453,1,Call,94.35,3.84,98,f,,Dominic Cormier,1388,
CWS-PAC,3307,201-046,539354,,-134.793380,59.905360,,,2453890,2024-06-06 04:42:00,2228790,t,300s,1SPT,SWTH,Swainson's Thrush,CATHARUS USTULATUS,1,5013463,1,Song,145.38,1.35,10,f,,Dominic Cormier,1388,
CWS-PAC,3307,201-046,539354,,-134.793380,59.905360,,,2453890,2024-06-06 04:42:00,2228790,t,300s,1SPT,WIWA,Wilson's Warbler,CARDELLINA PUSILLA,1,5013462,1,Song,121.15,1.69,4,f,,Dominic Cormier,1388,
CWS-PAC,3307,201-046,539354,,-134.793380,59.905360,,,2453891,2024-06-07 07:41:00,2228791,t,300s,1SPT,WIWA,Wilson's Warbler,CARDELLINA PUSILLA,2,5013480,1,Song,203.99,1.63,73,f,,Dominic Cormier,1388,
CWS-PAC,3307,201-046,539354,,-134.793380,59.905360,,,2453891,2024-06-07 07:41:00,2228791,t,300s,1SPT,YEWA,Yellow Warbler,SETOPHAGA PETECHIA,1,5013469,1,Song,27.73,1.79,73,f,,Dominic Cormier,1388,
CWS-PAC,3307,201-046,539354,,-134.793380,59.905360,,,2453891,2024-06-07 07:41:00,2228791,t,300s,1SPT,YRWA,Yellow-rumped Warbler,SETOPHAGA CORONATA,1,5013466,1,Song,0.33,1.60,64,f,,Dominic Cormier,1388,
CWS-PAC,3307,201-046,539354,,-134.793380,59.905360,,,2453891,2024-06-07 07:41:00,2228791,t,300s,1SPT,SWTH,Swainson's Thrush,CATHARUS USTULATUS,1,5013468,1,Song,16.93,1.48,20,f,,Dominic Cormier,1388,
CWS-PAC,3307,201-046,539354,,-134.793380,59.905360,,,2453891,2024-06-07 07:41:00,2228791,t,300s,1SPT,WIWA,Wilson's Warbler,CARDELLINA PUSILLA,1,5013467,1,Song,12.75,1.40,95,f,,Dominic Cormier,1388,
CWS-PAC,3307,201-046,539354,,-134.793380,59.905360,,,2453892,2024-06-09 04:39:00,2228792,t,300s,1SPT,SWTH,Swainson's Thrush,CATHARUS USTULATUS,2,5013494,1,Song,12.66,1.56,37,f,,Dominic Cormier,1388,
CWS-PAC,3307,201-046,539354,,-134.793380,59.905360,,,2453892,2024-06-09 04:39:00,2228792,t,300s,1SPT,SWTH,Swainson's Thrush,CATHARUS USTULATUS,1,5013492,1,Song,5.24,1.49,57,f,,Dominic Cormier,1388,
CWS-PAC,3307,201-046,539354,,-134.793380,59.905360,,,2453892,2024-06-09 04:39:00,2228792,t,300s,1SPT,YRWA,Yellow-rumped Warbler,SETOPHAGA CORONATA,1,5013498,1,Song,79.60,1.96,67,f,,Dominic Cormier,1388,
CWS-PAC,3307,201-046,539354,,-134.793380,59.905360,,,2453892,2024-06-09 04:39:00,2228792,t,300s,1SPT,WIWA,Wilson's Warbler,CARDELLINA PUSILLA,1,5013490,1,Song,2.58,1.89,20,f,,Dominic Cormier,1388,
CWS-PAC,3307,201-046,539354,,-134.793380,59.905360,,,2453892,2024-06-09 04:39:00,2228792,t,300s,1SPT,YRWA,Yellow-rumped Warbler,SETOPHAGA CORONATA,2,5013513,1,Song,275.43,1.73,58,f,,Dominic Cormier,1388,
CWS-PAC,3307,201-046,539354,,-134.793380,59.905360,,,2453893,2024-06-12 05:37:00,2228793,t,300s,1SPT,YRWA,Yellow-rumped Warbler,SETOPHAGA CORONATA,1,5013519,1,Song,26.40,1.75,94,f,,Dominic Cormier,1388,
CWS-PAC,3307,201-046,539354,,-134.793380,59.905360,,,2453893,2024-06-12 05:37:00,2228793,t,300s,1SPT,TOWA,Townsend's Warbler,SETOPHAGA TOWNSENDI,1,5013526,1,Song,111.00,1.63,8,f,,Dominic Cormier,1388,
CWS-PAC,3307,201-046,539354,,-134.793380,59.905360,,,2453893,2024-06-12 05:37:00,2228793,t,300s,1SPT,YEWA,Yellow Warbler,SETOPHAGA PETECHIA,1,5013524,1,Song,52.30,1.33,47,f,,Dominic Cormier,1388,
CWS-PAC,3307,201-046,539354,,-134.793380,59.905360,,,2453893,2024-06-12 05:37:00,2228793,t,300s,1SPT,YEWA,Yellow Warbler,SETOPHAGA PETECHIA,2,5013525,1,Song,69.51,1.53,57,f,,Dominic Cormier,1388,
CWS-PAC,3307,201-046,539354,,-134.793380,59.905360,,,2453893,2024-06-12 05:37:00,2228793,t,300s,1SPT,SWTH,Swainson's Thrush,CATHARUS USTULATUS,2,5013529,1,Song,161.60,1.09,56,f,,Dominic Cormier,1388,
CWS-PAC,3307,201-046,539354,,-134.793380,59.905360,,,2453893,2024-06-12 05:37:00,2228793,t,300s,1SPT,WIWA,Wilson's Warbler,CARDELLINA PUSILLA,2,5013522,1,Song,39.24,1.13,21,f,,Dominic Cormier,1388,
CWS-PAC,3307,201-046,539354,,-134.793380,59.905360,,,2453893,2024-06-12 05:37:00,2228793,t,300s,1SPT,WIWA,Wilson's Warbler,CARDELLINA PUSILLA,1,5013521,1,Song,38.35,1.08,47,f,,Dominic Cormier,1388,
CWS-PAC,3307,201-046,539354,,-134.793380,59.905360,,,2453893,2024-06-12 05:37:00,2228793,t,300s,1SPT,SWTH,Swainson's Thrush,CATHARUS USTULATUS,1,5013527,1,Song,110.76,1.26,5,f,,Dominic Cormier,1388,
CWS-PAC,3307,201-046,539354,,-134.793380,59.905360,,,2453894,2024-06-20 07:36:00,2228794,t,300s,1SPT,YEWA,Yellow Warbler,SETOPHAGA PETECHIA,2,5013538,1,Song,92.89,1.26,65,f,,Dominic Cormier,1388,
CWS-PAC,3307,201-046,539354,,-134.793380,59.905360,,,2453894,2024-06-20 07:36:00,2228794,t,300s,1SPT,AMRO,American Robin,TURDUS MIGRATORIUS,1,5013556,1,Call,290.06,0.93,70,f,,Dominic Cormier,1388,
CWS-PAC,3307,201-046,539354,,-134.793380,59.905360,,,2453894,2024-06-20 07:36:00,2228794,t,300s,1SPT,SWTH,Swainson's Thrush,CATHARUS USTULATUS,1,5013533,1,Song,6.18,1.43,51,f,,Dominic Cormier,1388,
CWS-PAC,3307,201-046,539354,,-134.793380,59.905360,,,2453894,2024-06-20 07:36:00,2228794,t,300s,1SPT,WIWA,Wilson's Warbler,CARDELLINA PUSILLA,1,5013532,1,Song,4.50,1.49,81,f,,Dominic Cormier,1388,
CWS-PAC,3307,201-046,539354,,-134.793380,59.905360,,,2453894,2024-06-20 07:36:00,2228794,t,300s,1SPT,YEWA,Yellow Warbler,SETOPHAGA PETECHIA,1,5013534,1,Song,13.81,1.99,31,f,,Dominic Cormier,1388,
CWS-PAC,3307,201-046,539354,,-134.793380,59.905360,,,2453894,2024-06-20 07:36:00,2228794,t,300s,1SPT,TOWA,Townsend's Warbler,SETOPHAGA TOWNSENDI,1,5013540,1,Song,118.73,1.93,74,f,,Dominic Cormier,1388,
CWS-PAC,3307,201-058,539353,,-134.811280,59.917760,,,2578707,2024-06-03 05:46:00,2353895,t,300s,1SPT,OCWA,Orange-crowned Warbler,LEIOTHLYPIS CELATA,1,5035695,1,Song,184.56,1.80,64,f,,Dominic Cormier,1388,
CWS-PAC,3307,201-058,539353,,-134.811280,59.917760,,,2578707,2024-06-03 05:46:00,2353895,t,300s,1SPT,DEJU,Dark-eyed Junco,JUNCO HYEMALIS,2,5035684,1,Song,11.11,1.59,7,f,,Dominic Cormier,1388,
CWS-PAC,3307,201-058,539353,,-134.811280,59.917760,,,2578707,2024-06-03 05:46:00,2353895,t,300s,1SPT,DEJU,Dark-eyed Junco,JUNCO HYEMALIS,1,5035681,1,Song,2.86,1.80,3,f,,Dominic Cormier,1388,
CWS-PAC,3307,201-058,539353,,-134.811280,59.917760,,,2578707,2024-06-03 05:46:00,2353895,t,300s,1SPT,TOWA,Townsend's Warbler,SETOPHAGA TOWNSENDI,2,5035696,1,Song,247.24,1.76,84,f,,Dominic Cormier,1388,
CWS-PAC,3307,201-058,539353,,-134.811280,59.917760,,,2578707,2024-06-03 05:46:00,2353895,t,300s,1SPT,TOWA,Townsend's Warbler,SETOPHAGA TOWNSENDI,1,5035680,1,Song,8.45,1.68,85,f,,Dominic Cormier,1388,
CWS-PAC,3307,201-058,539353,,-134.811280,59.917760,,,2578707,2024-06-03 05:46:00,2353895,t,300s,1SPT,CHSP,Chipping Sparrow,SPIZELLA PASSERINA,1,5035688,1,Song,37.53,5.05,87,f,,Dominic Cormier,1388,
CWS-PAC,3307,201-058,539353,,-134.811280,59.917760,,,2578707,2024-06-03 05:46:00,2353895,t,300s,1SPT,DUFL,Dusky Flycatcher,EMPIDONAX OBERHOLSERI,2,5035691,1,Song,63.98,1.54,70,f,,Dominic Cormier,1388,
CWS-PAC,3307,201-058,539353,,-134.811280,59.917760,,,2578707,2024-06-03 05:46:00,2353895,t,300s,1SPT,DUFL,Dusky Flycatcher,EMPIDONAX OBERHOLSERI,1,5035664,1,Song,4.83,3.20,94,f,,Dominic Cormier,1388,
CWS-PAC,3307,201-058,539353,,-134.811280,59.917760,,,2578707,2024-06-03 05:46:00,2353895,t,300s,1SPT,WIWA,Wilson's Warbler,CARDELLINA PUSILLA,1,5035609,1,Song,12.80,1.74,21,f,,Dominic Cormier,1388,
CWS-PAC,3307,201-058,539353,,-134.811280,59.917760,,,2578707,2024-06-03 05:46:00,2353895,t,300s,1SPT,SWTH,Swainson's Thrush,CATHARUS USTULATUS,1,5035689,1,Call,49.01,0.74,59,f,,Dominic Cormier,1388,
CWS-PAC,3307,201-058,539353,,-134.811280,59.917760,,,2578707,2024-06-03 05:46:00,2353895,t,300s,1SPT,VATH,Varied Thrush,IXOREUS NAEVIUS,1,5035679,1,Song,2.54,1.89,13,f,,Dominic Cormier,1388,
CWS-PAC,3307,201-058,539353,,-134.811280,59.917760,,,2578706,2024-06-04 06:44:00,2353894,t,300s,1SPT,WIWA,Wilson's Warbler,CARDELLINA PUSILLA,1,5035472,1,Song,0.29,2.06,52,f,,Dominic Cormier,1388,
CWS-PAC,3307,201-058,539353,,-134.811280,59.917760,,,2578706,2024-06-04 06:44:00,2353894,t,300s,1SPT,YRWA,Yellow-rumped Warbler,SETOPHAGA CORONATA,1,5035659,1,Song,3.33,1.33,61,f,,Dominic Cormier,1388,
CWS-PAC,3307,201-058,539353,,-134.811280,59.917760,,,2578706,2024-06-04 06:44:00,2353894,t,300s,1SPT,OCWA,Orange-crowned Warbler,LEIOTHLYPIS CELATA,1,5035473,1,Song,13.33,1.88,90,f,,Dominic Cormier,1388,
CWS-PAC,3307,201-058,539353,,-134.811280,59.917760,,,2578706,2024-06-04 06:44:00,2353894,t,300s,1SPT,HETH,Hermit Thrush,CATHARUS GUTTATUS,1,5035662,1,Song,45.19,1.00,83,f,,Dominic Cormier,1388,
CWS-PAC,3307,201-058,539353,,-134.811280,59.917760,,,2578706,2024-06-04 06:44:00,2353894,t,300s,1SPT,DEJU,Dark-eyed Junco,JUNCO HYEMALIS,1,5035658,1,Song,4.35,1.64,79,f,,Dominic Cormier,1388,
CWS-PAC,3307,201-058,539353,,-134.811280,59.917760,,,2578706,2024-06-04 06:44:00,2353894,t,300s,1SPT,TOWA,Townsend's Warbler,SETOPHAGA TOWNSENDI,1,5035669,1,Song,175.43,1.70,46,f,,Dominic Cormier,1388,
CWS-PAC,3307,201-058,539353,,-134.811280,59.917760,,,2578706,2024-06-04 06:44:00,2353894,t,300s,1SPT,DUFL,Dusky Flycatcher,EMPIDONAX OBERHOLSERI,1,5035651,1,Song,5.91,6.18,32,f,,Dominic Cormier,1388,
CWS-PAC,3307,201-058,539353,,-134.811280,59.917760,,,2578706,2024-06-04 06:44:00,2353894,t,300s,1SPT,WIWA,Wilson's Warbler,CARDELLINA PUSILLA,2,5035661,1,Song,31.49,1.23,1,f,,Dominic Cormier,1388,
CWS-PAC,3307,201-058,539353,,-134.811280,59.917760,,,2578709,2024-06-06 07:42:00,2353897,t,300s,1SPT,DEJU,Dark-eyed Junco,JUNCO HYEMALIS,1,5035741,1,Call,193.35,1.28,84,f,,Dominic Cormier,1388,
CWS-PAC,3307,201-058,539353,,-134.811280,59.917760,,,2578709,2024-06-06 07:42:00,2353897,t,300s,1SPT,WIWA,Wilson's Warbler,CARDELLINA PUSILLA,1,5035714,1,Song,6.95,1.35,88,f,,Dominic Cormier,1388,
CWS-PAC,3307,201-058,539353,,-134.811280,59.917760,,,2578709,2024-06-06 07:42:00,2353897,t,300s,1SPT,WIWA,Wilson's Warbler,CARDELLINA PUSILLA,2,5035729,1,Song,107.63,0.99,3,f,,Dominic Cormier,1388,
CWS-PAC,3307,201-058,539353,,-134.811280,59.917760,,,2578709,2024-06-06 07:42:00,2353897,t,300s,1SPT,TOWA,Townsend's Warbler,SETOPHAGA TOWNSENDI,1,5035716,1,Song,0.18,1.73,38,f,,Dominic Cormier,1388,
CWS-PAC,3307,201-058,539353,,-134.811280,59.917760,,,2578709,2024-06-06 07:42:00,2353897,t,300s,1SPT,TOWA,Townsend's Warbler,SETOPHAGA TOWNSENDI,2,5035718,1,Song,2.45,1.19,8,f,,Dominic Cormier,1388,
CWS-PAC,3307,201-058,539353,,-134.811280,59.917760,,,2578709,2024-06-06 07:42:00,2353897,t,300s,1SPT,TOWA,Townsend's Warbler,SETOPHAGA TOWNSENDI,3,5035719,1,Song,3.38,1.51,80,f,,Dominic Cormier,1388,
CWS-PAC,3307,201-058,539353,,-134.811280,59.917760,,,2578709,2024-06-06 07:42:00,2353897,t,300s,1SPT,RESQ,Red Squirrel,TAMIASCIURUS HUDSONICUS,1,5035739,1,Call,191.83,2.54,18,f,,Dominic Cormier,1388,
CWS-PAC,3307,201-058,539353,,-134.811280,59.917760,,,2578708,2024-06-07 06:41:00,2353896,t,300s,1SPT,OCWA,Orange-crowned Warbler,LEIOTHLYPIS CELATA,1,5035702,1,Song,17.81,1.80,20,f,,Dominic Cormier,1388,
CWS-PAC,3307,201-058,539353,,-134.811280,59.917760,,,2578708,2024-06-07 06:41:00,2353896,t,300s,1SPT,SWTH,Swainson's Thrush,CATHARUS USTULATUS,1,5035704,1,Song,87.53,1.71,49,f,,Dominic Cormier,1388,
CWS-PAC,3307,201-058,539353,,-134.811280,59.917760,,,2578708,2024-06-07 06:41:00,2353896,t,300s,1SPT,VATH,Varied Thrush,IXOREUS NAEVIUS,1,5035699,1,Song,1.88,1.28,7,f,,Dominic Cormier,1388,
CWS-PAC,3307,201-058,539353,,-134.811280,59.917760,,,2578708,2024-06-07 06:41:00,2353896,t,300s,1SPT,HETH,Hermit Thrush,CATHARUS GUTTATUS,1,5035700,1,Song,10.13,0.93,69,f,,Dominic Cormier,1388,
CWS-PAC,3307,201-058,539353,,-134.811280,59.917760,,,2578708,2024-06-07 06:41:00,2353896,t,300s,1SPT,DEJU,Dark-eyed Junco,JUNCO HYEMALIS,1,5035706,1,Song,198.50,2.01,49,f,,Dominic Cormier,1388,
CWS-PAC,3307,201-058,539353,,-134.811280,59.917760,,,2578708,2024-06-07 06:41:00,2353896,t,300s,1SPT,TOWA,Townsend's Warbler,SETOPHAGA TOWNSENDI,2,5035705,1,Song,191.06,1.41,58,f,,Dominic Cormier,1388,
CWS-PAC,3307,201-058,539353,,-134.811280,59.917760,,,2578708,2024-06-07 06:41:00,2353896,t,300s,1SPT,TOWA,Townsend's Warbler,SETOPHAGA TOWNSENDI,1,5035703,1,Song,38.35,1.81,13,f,,Dominic Cormier,1388,
CWS-PAC,3307,201-058,539353,,-134.811280,59.917760,,,2578708,2024-06-07 06:41:00,2353896,t,300s,1SPT,DUFL,Dusky Flycatcher,EMPIDONAX OBERHOLSERI,1,5035697,1,Song,7.25,1.80,85,f,,Dominic Cormier,1388,
CWS-PAC,3307,201-058,539353,,-134.811280,59.917760,,,2578708,2024-06-07 06:41:00,2353896,t,300s,1SPT,WIWA,Wilson's Warbler,CARDELLINA PUSILLA,1,5035698,1,Song,0.03,1.31,28,f,,Dominic Cormier,1388,
CWS-PAC,3307,201-058,539353,,-134.811280,59.917760,,,2578710,2024-06-17 07:36:00,2353898,t,300s,1SPT,TOWA,Townsend's Warbler,SETOPHAGA TOWNSENDI,1,5035743,1,Song,6.70,1.73,74,f,,Dominic Cormier,1388,
CWS-PAC,3307,201-058,539353,,-134.811280,59.917760,,,2578710,2024-06-17 07:36:00,2353898,t,300s,1SPT,DEJU,Dark-eyed Junco,JUNCO HYEMALIS,1,5035756,1,Song,103.88,2.08,17,f,,Dominic Cormier,1388,
CWS-PAC,3307,201-058,539353,,-134.811280,59.917760,,,2578710,2024-06-17 07:36:00,2353898,t,300s,1SPT,HETH,Hermit Thrush,CATHARUS GUTTATUS,1,5035742,1,Song,4.78,1.76,85,f,,Dominic Cormier,1388,
CWS-PAC,3307,201-058,539353,,-134.811280,59.917760,,,2578710,2024-06-17 07:36:00,2353898,t,300s,1SPT,OCWA,Orange-crowned Warbler,LEIOTHLYPIS CELATA,1,5035757,1,Song,119.53,1.90,75,f,,Dominic Cormier,1388,
CWS-PAC,3307,201-058,539353,,-134.811280,59.917760,,,2578710,2024-06-17 07:36:00,2353898,t,300s,1SPT,WIWA,Wilson's Warbler,CARDELLINA PUSILLA,1,5035750,1,Song,2.90,1.09,64,f,,Dominic Cormier,1388,
CWS-PAC,3307,201-058,539353,,-134.811280,59.917760,,,2578710,2024-06-17 07:36:00,2353898,t,300s,1SPT,WIWA,Wilson's Warbler,CARDELLINA PUSILLA,2,5035744,1,Song,8.28,2.11,46,f,,Dominic Cormier,1388,
CWS-PAC,3307,201-058,539353,,-134.811280,59.917760,,,2578711,2024-06-20 04:36:00,2353899,t,300s,1SPT,DEJU,Dark-eyed Junco,JUNCO HYEMALIS,1,5035766,1,Song,0.84,1.54,32,f,,Dominic Cormier,1388,
CWS-PAC,3307,201-058,539353,,-134.811280,59.917760,,,2578711,2024-06-20 04:36:00,2353899,t,300s,1SPT,DEJU,Dark-eyed Junco,JUNCO HYEMALIS,2,5035780,1,Song,31.39,2.14,16,f,,Dominic Cormier,1388,
CWS-PAC,3307,201-058,539353,,-134.811280,59.917760,,,2578711,2024-06-20 04:36:00,2353899,t,300s,1SPT,VATH,Varied Thrush,IXOREUS NAEVIUS,1,5035797,1,Song,161.24,1.54,88,f,,Dominic Cormier,1388,
CWS-PAC,3307,201-058,539353,,-134.811280,59.917760,,,2578711,2024-06-20 04:36:00,2353899,t,300s,1SPT,PAWR,Pacific Wren,TROGLODYTES PACIFICUS,1,5035793,1,Song,156.79,2.26,26,f,,Dominic Cormier,1388,
CWS-PAC,3307,201-058,539353,,-134.811280,59.917760,,,2578711,2024-06-20 04:36:00,2353899,t,300s,1SPT,OCWA,Orange-crowned Warbler,LEIOTHLYPIS CELATA,2,5035790,1,Song,70.15,1.85,65,f,,Dominic Cormier,1388,
CWS-PAC,3307,201-058,539353,,-134.811280,59.917760,,,2578711,2024-06-20 04:36:00,2353899,t,300s,1SPT,WIWA,Wilson's Warbler,CARDELLINA PUSILLA,1,5035767,1,Song,6.35,1.79,68,f,,Dominic Cormier,1388,
CWS-PAC,3307,201-058,539353,,-134.811280,59.917760,,,2578711,2024-06-20 04:36:00,2353899,t,300s,1SPT,OCWA,Orange-crowned Warbler,LEIOTHLYPIS CELATA,1,5035778,1,Song,12.91,1.61,18,f,,Dominic Cormier,1388,
CWS-PAC,3307,201-058,539353,,-134.811280,59.917760,,,2578711,2024-06-20 04:36:00,2353899,t,300s,1SPT,SWTH,Swainson's Thrush,CATHARUS USTULATUS,1,5035801,1,Song,183.70,1.40,56,f,,Dominic Cormier,1388,
CWS-PAC,3307,201-058,539353,,-134.811280,59.917760,,,2578711,2024-06-20 04:36:00,2353899,t,300s,1SPT,WIWA,Wilson's Warbler,CARDELLINA PUSILLA,2,5035770,1,Song,14.84,1.96,49,f,,Dominic Cormier,1388,
CWS-PAC,3307,201-058,539353,,-134.811280,59.917760,,,2578711,2024-06-20 04:36:00,2353899,t,300s,1SPT,TOWA,Townsend's Warbler,SETOPHAGA TOWNSENDI,3,5035791,1,Song,147.98,1.13,72,f,,Dominic Cormier,1388,
CWS-PAC,3307,201-058,539353,,-134.811280,59.917760,,,2578711,2024-06-20 04:36:00,2353899,t,300s,1SPT,PISI,Pine Siskin,SPINUS PINUS,1,5035782,1,Call,40.11,0.61,89,f,,Dominic Cormier,1388,
CWS-PAC,3307,201-058,539353,,-134.811280,59.917760,,,2578711,2024-06-20 04:36:00,2353899,t,300s,1SPT,TOWA,Townsend's Warbler,SETOPHAGA TOWNSENDI,1,5035774,1,Song,1.91,1.23,78,f,,Dominic Cormier,1388,
CWS-PAC,3307,201-058,539353,,-134.811280,59.917760,,,2578711,2024-06-20 04:36:00,2353899,t,300s,1SPT,TOWA,Townsend's Warbler,SETOPHAGA TOWNSENDI,2,5035775,1,Song,3.08,1.69,76,f,,Dominic Cormier,1388,
CWS-PAC,3307,201-062,539351,,-134.858836,59.927487,,,2453896,2024-06-02 05:47:00,2228796,t,300s,1SPT,RCKI,Ruby-crowned Kinglet,CORTHYLIO CALENDULA,1,5013636,1,Song,95.98,1.08,20,f,,Dominic Cormier,1388,
CWS-PAC,3307,201-062,539351,,-134.858836,59.927487,,,2453896,2024-06-02 05:47:00,2228796,t,300s,1SPT,WIWA,Wilson's Warbler,CARDELLINA PUSILLA,1,5013619,1,Song,37.76,1.59,31,f,,Dominic Cormier,1388,
CWS-PAC,3307,201-062,539351,,-134.858836,59.927487,,,2453896,2024-06-02 05:47:00,2228796,t,300s,1SPT,SAVS,Savannah Sparrow,PASSERCULUS SANDWICHENSIS,1,5013607,1,Song,3.81,2.44,11,f,,Dominic Cormier,1388,
CWS-PAC,3307,201-062,539351,,-134.858836,59.927487,,,2453896,2024-06-02 05:47:00,2228796,t,300s,1SPT,SAVS,Savannah Sparrow,PASSERCULUS SANDWICHENSIS,2,5013617,1,Song,28.05,2.16,88,f,,Dominic Cormier,1388,
CWS-PAC,3307,201-062,539351,,-134.858836,59.927487,,,2453896,2024-06-02 05:47:00,2228796,t,300s,1SPT,GCSP,Golden-crowned Sparrow,ZONOTRICHIA ATRICAPILLA,1,5013609,1,Song,4.71,2.96,68,f,,Dominic Cormier,1388,
CWS-PAC,3307,201-062,539351,,-134.858836,59.927487,,,2453896,2024-06-02 05:47:00,2228796,t,300s,1SPT,GCSP,Golden-crowned Sparrow,ZONOTRICHIA ATRICAPILLA,2,5013633,1,Song,89.14,2.79,93,f,,Dominic Cormier,1388,
CWS-PAC,3307,201-062,539351,,-134.858836,59.927487,,,2453896,2024-06-02 05:47:00,2228796,t,300s,1SPT,DEJU,Dark-eyed Junco,JUNCO HYEMALIS,1,5013604,1,Song,1.46,1.45,8,f,,Dominic Cormier,1388,
CWS-PAC,3307,201-062,539351,,-134.858836,59.927487,,,2453896,2024-06-02 05:47:00,2228796,t,300s,1SPT,AMRO,American Robin,TURDUS MIGRATORIUS,1,5013654,1,Call,293.06,1.39,99,f,,Dominic Cormier,1388,
CWS-PAC,3307,201-062,539351,,-134.858836,59.927487,,,2453896,2024-06-02 05:47:00,2228796,t,300s,1SPT,HETH,Hermit Thrush,CATHARUS GUTTATUS,1,5013671,1,Song,12.33,1.39,18,f,,Dominic Cormier,1388,
CWS-PAC,3307,201-062,539351,,-134.858836,59.927487,,,2453896,2024-06-02 05:47:00,2228796,t,300s,1SPT,HETH,Hermit Thrush,CATHARUS GUTTATUS,2,5013651,1,Song,251.58,1.41,76,f,,Dominic Cormier,1388,
CWS-PAC,3307,201-062,539351,,-134.858836,59.927487,,,2453896,2024-06-02 05:47:00,2228796,t,300s,1SPT,YRWA,Yellow-rumped Warbler,SETOPHAGA CORONATA,1,5013611,1,Song,6.85,1.86,73,f,,Dominic Cormier,1388,
CWS-PAC,3307,201-062,539351,,-134.858836,59.927487,,,2453896,2024-06-02 05:47:00,2228796,t,300s,1SPT,FOSP,Fox Sparrow,PASSERELLA ILIACA,1,5013620,1,Song,46.73,2.49,58,f,,Dominic Cormier,1388,
CWS-PAC,3307,201-062,539351,,-134.858836,59.927487,,,2453896,2024-06-02 05:47:00,2228796,t,300s,1SPT,FOSP,Fox Sparrow,PASSERELLA ILIACA,2,5013630,1,Song,65.31,2.79,30,f,,Dominic Cormier,1388,
CWS-PAC,3307,201-062,539351,,-134.858836,59.927487,,,2453895,2024-06-05 04:43:00,2228795,t,300s,1SPT,RUHU,Rufous Hummingbird,SELASPHORUS RUFUS,1,5013578,1,Call,24.53,2.80,76,f,,Dominic Cormier,1388,
CWS-PAC,3307,201-062,539351,,-134.858836,59.927487,,,2453895,2024-06-05 04:43:00,2228795,t,300s,1SPT,WIWA,Wilson's Warbler,CARDELLINA PUSILLA,2,5013582,1,Song,53.30,1.40,75,f,,Dominic Cormier,1388,
CWS-PAC,3307,201-062,539351,,-134.858836,59.927487,,,2453895,2024-06-05 04:43:00,2228795,t,300s,1SPT,WIWA,Wilson's Warbler,CARDELLINA PUSILLA,1,5013563,1,Song,3.24,1.28,34,f,,Dominic Cormier,1388,
CWS-PAC,3307,201-062,539351,,-134.858836,59.927487,,,2453895,2024-06-05 04:43:00,2228795,t,300s,1SPT,FOSP,Fox Sparrow,PASSERELLA ILIACA,2,5013600,1,Song,235.35,2.05,83,f,,Dominic Cormier,1388,
CWS-PAC,3307,201-062,539351,,-134.858836,59.927487,,,2453895,2024-06-05 04:43:00,2228795,t,300s,1SPT,FOSP,Fox Sparrow,PASSERELLA ILIACA,1,5013598,1,Song,219.15,2.44,88,f,,Dominic Cormier,1388,
CWS-PAC,3307,201-062,539351,,-134.858836,59.927487,,,2453895,2024-06-05 04:43:00,2228795,t,300s,1SPT,RCKI,Ruby-crowned Kinglet,CORTHYLIO CALENDULA,1,5013569,1,Song,1.11,1.34,28,f,,Dominic Cormier,1388,
CWS-PAC,3307,201-062,539351,,-134.858836,59.927487,,,2453895,2024-06-05 04:43:00,2228795,t,300s,1SPT,YRWA,Yellow-rumped Warbler,SETOPHAGA CORONATA,1,5013565,1,Song,4.21,1.59,43,f,,Dominic Cormier,1388,
CWS-PAC,3307,201-062,539351,,-134.858836,59.927487,,,2453895,2024-06-05 04:43:00,2228795,t,300s,1SPT,WCSP,White-crowned Sparrow,ZONOTRICHIA LEUCOPHRYS,1,5013579,1,Song,32.78,1.49,31,f,,Dominic Cormier,1388,
CWS-PAC,3307,201-062,539351,,-134.858836,59.927487,,,2453895,2024-06-05 04:43:00,2228795,t,300s,1SPT,HETH,Hermit Thrush,CATHARUS GUTTATUS,2,5013597,1,Song,204.26,0.94,97,f,,Dominic Cormier,1388,
CWS-PAC,3307,201-062,539351,,-134.858836,59.927487,,,2453895,2024-06-05 04:43:00,2228795,t,300s,1SPT,HETH,Hermit Thrush,CATHARUS GUTTATUS,1,5013588,1,Call,73.91,0.90,85,f,,Dominic Cormier,1388,
CWS-PAC,3307,201-062,539351,,-134.858836,59.927487,,,2453895,2024-06-05 04:43:00,2228795,t,300s,1SPT,DEJU,Dark-eyed Junco,JUNCO HYEMALIS,1,5013570,1,Song,6.03,1.51,89,f,,Dominic Cormier,1388,
CWS-PAC,3307,201-062,539351,,-134.858836,59.927487,,,2453895,2024-06-05 04:43:00,2228795,t,300s,1SPT,WIWA,Wilson's Warbler,CARDELLINA PUSILLA,3,5013592,1,Song,171.13,1.70,8,f,,Dominic Cormier,1388,
CWS-PAC,3307,201-062,539351,,-134.858836,59.927487,,,2453895,2024-06-05 04:43:00,2228795,t,300s,1SPT,YEWA,Yellow Warbler,SETOPHAGA PETECHIA,1,5013596,1,Song,203.50,1.70,79,f,,Dominic Cormier,1388,
CWS-PAC,3307,201-062,539351,,-134.858836,59.927487,,,2453895,2024-06-05 04:43:00,2228795,t,300s,1SPT,GCSP,Golden-crowned Sparrow,ZONOTRICHIA ATRICAPILLA,1,5021186,1,Song,6.20,1.51,36,f,,Dominic Cormier,1388,
CWS-PAC,3307,201-062,539351,,-134.858836,59.927487,,,2453895,2024-06-05 04:43:00,2228795,t,300s,1SPT,GCSP,Golden-crowned Sparrow,ZONOTRICHIA ATRICAPILLA,2,5021187,1,Song,7.70,1.04,82,f,,Dominic Cormier,1388,
CWS-PAC,3307,201-062,539351,,-134.858836,59.927487,,,2453895,2024-06-05 04:43:00,2228795,t,300s,1SPT,GCSP,Golden-crowned Sparrow,ZONOTRICHIA ATRICAPILLA,3,5013575,1,Song,11.38,2.70,52,f,,Dominic Cormier,1388,
CWS-PAC,3307,201-062,539351,,-134.858836,59.927487,,,2453895,2024-06-05 04:43:00,2228795,t,300s,1SPT,UNPA,Unidentified Passerine,"",1,5013593,1,Song,197.45,2.18,98,f,,Dominic Cormier,1388,
CWS-PAC,3307,201-062,539351,,-134.858836,59.927487,,,2453895,2024-06-05 04:43:00,2228795,t,300s,1SPT,RECR,Red Crossbill,LOXIA CURVIROSTRA,1,5013576,1,Call,17.81,1.00,57,f,,Dominic Cormier,1388,
CWS-PAC,3307,201-062,539351,,-134.858836,59.927487,,,2453898,2024-06-07 06:41:00,2228798,f,300s,1SPT,FOSP,Fox Sparrow,PASSERELLA ILIACA,1,5013730,1,Song,266.33,1.80,,,,Dominic Cormier,1388,
CWS-PAC,3307,201-062,539351,,-134.858836,59.927487,,,2453898,2024-06-07 06:41:00,2228798,f,300s,1SPT,WIWA,Wilson's Warbler,CARDELLINA PUSILLA,1,5013676,1,Song,4.23,1.49,,,,Dominic Cormier,1388,
CWS-PAC,3307,201-062,539351,,-134.858836,59.927487,,,2453898,2024-06-07 06:41:00,2228798,f,300s,1SPT,WIWA,Wilson's Warbler,CARDELLINA PUSILLA,2,5013679,1,Song,11.20,1.73,,,,Dominic Cormier,1388,
CWS-PAC,3307,201-062,539351,,-134.858836,59.927487,,,2453898,2024-06-07 06:41:00,2228798,f,300s,1SPT,WIWA,Wilson's Warbler,CARDELLINA PUSILLA,3,5013680,1,Song,14.51,1.66,,,,Dominic Cormier,1388,
CWS-PAC,3307,201-062,539351,,-134.858836,59.927487,,,2453898,2024-06-07 06:41:00,2228798,f,300s,1SPT,GCSP,Golden-crowned Sparrow,ZONOTRICHIA ATRICAPILLA,1,5013677,1,Song,10.00,2.18,,,,Dominic Cormier,1388,
CWS-PAC,3307,201-062,539351,,-134.858836,59.927487,,,2453898,2024-06-07 06:41:00,2228798,f,300s,1SPT,GCSP,Golden-crowned Sparrow,ZONOTRICHIA ATRICAPILLA,2,5013694,1,Song,91.34,1.80,,,,Dominic Cormier,1388,
CWS-PAC,3307,201-062,539351,,-134.858836,59.927487,,,2453898,2024-06-07 06:41:00,2228798,f,300s,1SPT,UNPA,Unidentified Passerine,"",1,5013723,1,Song,225.58,2.60,,,,Dominic Cormier,1388,
CWS-PAC,3307,201-062,539351,,-134.858836,59.927487,,,2453898,2024-06-07 06:41:00,2228798,f,300s,1SPT,UNSP,Unidentified Sparrow,"",1,5013689,1,Song,68.80,1.64,,,,Dominic Cormier,1388,
CWS-PAC,3307,201-062,539351,,-134.858836,59.927487,,,2453898,2024-06-07 06:41:00,2228798,f,300s,1SPT,DEJU,Dark-eyed Junco,JUNCO HYEMALIS,1,5013684,1,Song,50.59,2.05,,,,Dominic Cormier,1388,
CWS-PAC,3307,201-062,539351,,-134.858836,59.927487,,,2453898,2024-06-07 06:41:00,2228798,f,300s,1SPT,RCKI,Ruby-crowned Kinglet,CORTHYLIO CALENDULA,1,5013682,1,Song,30.68,1.09,,,,Dominic Cormier,1388,
CWS-PAC,3307,201-062,539351,,-134.858836,59.927487,,,2453898,2024-06-07 06:41:00,2228798,f,300s,1SPT,YRWA,Yellow-rumped Warbler,SETOPHAGA CORONATA,1,5013687,1,Song,65.48,1.41,,,,Dominic Cormier,1388,
CWS-PAC,3307,201-062,539351,,-134.858836,59.927487,,,2453898,2024-06-07 06:41:00,2228798,f,300s,1SPT,LEYE,Lesser Yellowlegs,TRINGA FLAVIPES,1,5013683,1,Song,42.29,2.76,,,,Dominic Cormier,1388,
CWS-PAC,3307,201-062,539351,,-134.858836,59.927487,,,2453898,2024-06-07 06:41:00,2228798,f,300s,1SPT,AMRO,American Robin,TURDUS MIGRATORIUS,1,5013678,1,Call,6.81,1.10,,,,Dominic Cormier,1388,
CWS-PAC,3307,201-062,539351,,-134.858836,59.927487,,,2453898,2024-06-07 06:41:00,2228798,f,300s,1SPT,DEJU,Dark-eyed Junco,JUNCO HYEMALIS,2,5013707,1,Song,149.35,1.53,,,,Dominic Cormier,1388,
CWS-PAC,3307,201-062,539351,,-134.858836,59.927487,,,2453901,2024-06-11 07:38:00,2228801,t,300s,1SPT,HETH,Hermit Thrush,CATHARUS GUTTATUS,1,5013784,1,Song,1.34,1.65,77,f,,Dominic Cormier,1388,
CWS-PAC,3307,201-062,539351,,-134.858836,59.927487,,,2453901,2024-06-11 07:38:00,2228801,t,300s,1SPT,HETH,Hermit Thrush,CATHARUS GUTTATUS,2,5013806,1,Song,71.46,1.18,45,f,,Dominic Cormier,1388,
CWS-PAC,3307,201-062,539351,,-134.858836,59.927487,,,2453901,2024-06-11 07:38:00,2228801,t,300s,1SPT,YRWA,Yellow-rumped Warbler,SETOPHAGA CORONATA,1,5013786,1,Song,3.34,2.14,22,f,,Dominic Cormier,1388,
CWS-PAC,3307,201-062,539351,,-134.858836,59.927487,,,2453901,2024-06-11 07:38:00,2228801,t,300s,1SPT,YRWA,Yellow-rumped Warbler,SETOPHAGA CORONATA,2,5013799,1,Song,39.15,1.86,73,f,,Dominic Cormier,1388,
CWS-PAC,3307,201-062,539351,,-134.858836,59.927487,,,2453901,2024-06-11 07:38:00,2228801,t,300s,1SPT,FOSP,Fox Sparrow,PASSERELLA ILIACA,1,5013788,1,Song,6.45,2.05,99,f,,Dominic Cormier,1388,
CWS-PAC,3307,201-062,539351,,-134.858836,59.927487,,,2453901,2024-06-11 07:38:00,2228801,t,300s,1SPT,RCKI,Ruby-crowned Kinglet,CORTHYLIO CALENDULA,1,5013809,1,Song,102.53,3.79,4,f,,Dominic Cormier,1388,
CWS-PAC,3307,201-062,539351,,-134.858836,59.927487,,,2453901,2024-06-11 07:38:00,2228801,t,300s,1SPT,GCSP,Golden-crowned Sparrow,ZONOTRICHIA ATRICAPILLA,1,5013810,1,Song,107.79,1.56,11,f,,Dominic Cormier,1388,
CWS-PAC,3307,201-062,539351,,-134.858836,59.927487,,,2453901,2024-06-11 07:38:00,2228801,t,300s,1SPT,DEJU,Dark-eyed Junco,JUNCO HYEMALIS,1,5013807,1,Call,74.70,1.03,28,f,,Dominic Cormier,1388,
CWS-PAC,3307,201-062,539351,,-134.858836,59.927487,,,2453901,2024-06-11 07:38:00,2228801,t,300s,1SPT,AMRO,American Robin,TURDUS MIGRATORIUS,1,5013814,1,Call,152.63,1.36,54,f,,Dominic Cormier,1388,
CWS-PAC,3307,201-062,539351,,-134.858836,59.927487,,,2453900,2024-06-17 07:36:00,2228800,f,300s,1SPT,GCSP,Golden-crowned Sparrow,ZONOTRICHIA ATRICAPILLA,2,5013761,1,Song,84.59,2.61,,,,Dominic Cormier,1388,
CWS-PAC,3307,201-062,539351,,-134.858836,59.927487,,,2453900,2024-06-17 07:36:00,2228800,f,300s,1SPT,GCSP,Golden-crowned Sparrow,ZONOTRICHIA ATRICAPILLA,1,5013758,1,Call,82.84,0.48,,,,Dominic Cormier,1388,
CWS-PAC,3307,201-062,539351,,-134.858836,59.927487,,,2453900,2024-06-17 07:36:00,2228800,f,300s,1SPT,CHSP,Chipping Sparrow,SPIZELLA PASSERINA,1,5013736,CI 1,Song,0.08,3.66,,,,Dominic Cormier,1388,
CWS-PAC,3307,201-062,539351,,-134.858836,59.927487,,,2453900,2024-06-17 07:36:00,2228800,f,300s,1SPT,WIWA,Wilson's Warbler,CARDELLINA PUSILLA,1,5013741,1,Song,12.89,1.36,,,,Dominic Cormier,1388,
CWS-PAC,3307,201-062,539351,,-134.858836,59.927487,,,2453900,2024-06-17 07:36:00,2228800,f,300s,1SPT,CAJA,Canada Jay,PERISOREUS CANADENSIS,1,5013778,1,Call,213.43,2.05,,,,Dominic Cormier,1388,
CWS-PAC,3307,201-062,539351,,-134.858836,59.927487,,,2453900,2024-06-17 07:36:00,2228800,f,300s,1SPT,FOSP,Fox Sparrow,PASSERELLA ILIACA,1,5013735,1,Song,0.33,2.46,,,,Dominic Cormier,1388,
CWS-PAC,3307,201-062,539351,,-134.858836,59.927487,,,2453900,2024-06-17 07:36:00,2228800,f,300s,1SPT,RCKI,Ruby-crowned Kinglet,CORTHYLIO CALENDULA,1,5013779,1,Song,233.04,1.45,,,,Dominic Cormier,1388,
CWS-PAC,3307,201-062,539351,,-134.858836,59.927487,,,2453900,2024-06-17 07:36:00,2228800,f,300s,1SPT,YRWA,Yellow-rumped Warbler,SETOPHAGA CORONATA,1,5013740,1,Song,7.98,1.31,,,,Dominic Cormier,1388,
CWS-PAC,3307,201-062,539351,,-134.858836,59.927487,,,2453900,2024-06-17 07:36:00,2228800,f,300s,1SPT,HETH,Hermit Thrush,CATHARUS GUTTATUS,1,5013753,1,Song,46.58,1.14,,,,Dominic Cormier,1388,
CWS-PAC,3307,201-062,539351,,-134.858836,59.927487,,,2453900,2024-06-17 07:36:00,2228800,f,300s,1SPT,AMRO,American Robin,TURDUS MIGRATORIUS,1,5013783,1,Call,256.13,0.30,,,,Dominic Cormier,1388,
CWS-PAC,3307,201-062,539351,,-134.858836,59.927487,,,2453900,2024-06-17 07:36:00,2228800,f,300s,1SPT,DEJU,Dark-eyed Junco,JUNCO HYEMALIS,1,5013770,1,Song,143.91,2.06,,,,Dominic Cormier,1388,
CWS-PAC,3307,201-062,539351,,-134.858836,59.927487,,,2453900,2024-06-17 07:36:00,2228800,f,300s,1SPT,FOSP,Fox Sparrow,PASSERELLA ILIACA,2,5013751,1,Song,26.94,2.10,,,,Dominic Cormier,1388,
CWS-PAC,3307,201-062,539351,,-134.858836,59.927487,,,2453900,2024-06-17 07:36:00,2228800,f,300s,1SPT,UNPA,Unidentified Passerine,"",1,5013765,1,Song,115.29,2.13,,,,Dominic Cormier,1388,
CWS-PAC,3307,201-062,539351,,-134.858836,59.927487,,,2453902,2024-06-18 07:36:00,2228802,f,300s,1SPT,FOSP,Fox Sparrow,PASSERELLA ILIACA,1,5013843,1,Song,123.41,2.09,,,,Dominic Cormier,1388,
CWS-PAC,3307,201-062,539351,,-134.858836,59.927487,,,2453902,2024-06-18 07:36:00,2228802,f,300s,1SPT,WIWA,Wilson's Warbler,CARDELLINA PUSILLA,1,5013821,1,Song,3.06,1.59,,,,Dominic Cormier,1388,
CWS-PAC,3307,201-062,539351,,-134.858836,59.927487,,,2453902,2024-06-18 07:36:00,2228802,f,300s,1SPT,WIWA,Wilson's Warbler,CARDELLINA PUSILLA,2,5013840,1,Song,94.80,1.21,,,,Dominic Cormier,1388,
CWS-PAC,3307,201-062,539351,,-134.858836,59.927487,,,2453902,2024-06-18 07:36:00,2228802,f,300s,1SPT,GCSP,Golden-crowned Sparrow,ZONOTRICHIA ATRICAPILLA,1,5013848,1,Song,180.49,2.24,,,,Dominic Cormier,1388,
CWS-PAC,3307,201-062,539351,,-134.858836,59.927487,,,2453902,2024-06-18 07:36:00,2228802,f,300s,1SPT,GCSP,Golden-crowned Sparrow,ZONOTRICHIA ATRICAPILLA,2,5013862,1,Song,277.18,2.88,,,,Dominic Cormier,1388,
CWS-PAC,3307,201-062,539351,,-134.858836,59.927487,,,2453902,2024-06-18 07:36:00,2228802,f,300s,1SPT,UNPA,Unidentified Passerine,"",1,5013833,1,Song,64.88,2.33,,,,Dominic Cormier,1388,
CWS-PAC,3307,201-062,539351,,-134.858836,59.927487,,,2453902,2024-06-18 07:36:00,2228802,f,300s,1SPT,DEJU,Dark-eyed Junco,JUNCO HYEMALIS,1,5013820,1,Song,1.44,2.09,,,,Dominic Cormier,1388,
CWS-PAC,3307,201-062,539351,,-134.858836,59.927487,,,2453902,2024-06-18 07:36:00,2228802,f,300s,1SPT,HETH,Hermit Thrush,CATHARUS GUTTATUS,1,5013824,1,Song,10.75,1.31,,,,Dominic Cormier,1388,
CWS-PAC,3307,201-062,539351,,-134.858836,59.927487,,,2453902,2024-06-18 07:36:00,2228802,f,300s,1SPT,YRWA,Yellow-rumped Warbler,SETOPHAGA CORONATA,1,5013822,1,Song,4.55,2.03,,,,Dominic Cormier,1388,
CWS-PAC,3307,201-062,539351,,-134.858836,59.927487,,,2453902,2024-06-18 07:36:00,2228802,f,300s,1SPT,YRWA,Yellow-rumped Warbler,SETOPHAGA CORONATA,2,5013827,1,Song,34.95,2.03,,,,Dominic Cormier,1388,
CWS-PAC,3307,201-089,539352,,-134.863980,59.922620,,,2578716,2024-06-02 04:47:00,2353904,t,300s,1SPT,GCSP,Golden-crowned Sparrow,ZONOTRICHIA ATRICAPILLA,2,5036012,1,Song,7.04,2.43,93,f,,Dominic Cormier,1388,
CWS-PAC,3307,201-089,539352,,-134.863980,59.922620,,,2578716,2024-06-02 04:47:00,2353904,t,300s,1SPT,AMPI,American Pipit,ANTHUS RUBESCENS,2,5036082,1,Song,194.39,4.61,91,f,,Dominic Cormier,1388,
CWS-PAC,3307,201-089,539352,,-134.863980,59.922620,,,2578716,2024-06-02 04:47:00,2353904,t,300s,1SPT,AMPI,American Pipit,ANTHUS RUBESCENS,1,5036081,1,Song,185.60,2.90,39,f,,Dominic Cormier,1388,
CWS-PAC,3307,201-089,539352,,-134.863980,59.922620,,,2578716,2024-06-02 04:47:00,2353904,t,300s,1SPT,HETH,Hermit Thrush,CATHARUS GUTTATUS,1,5036080,1,Call,175.94,0.80,66,f,,Dominic Cormier,1388,
CWS-PAC,3307,201-089,539352,,-134.863980,59.922620,,,2578716,2024-06-02 04:47:00,2353904,t,300s,1SPT,REDP,Redpoll,ACANTHIS FLAMMEA,1,5036083,1,Song,221.79,8.65,77,f,,Dominic Cormier,1388,
CWS-PAC,3307,201-089,539352,,-134.863980,59.922620,,,2578716,2024-06-02 04:47:00,2353904,t,300s,1SPT,AMRO,American Robin,TURDUS MIGRATORIUS,1,5036079,1,Song,57.08,2.50,77,f,,Dominic Cormier,1388,
CWS-PAC,3307,201-089,539352,,-134.863980,59.922620,,,2578716,2024-06-02 04:47:00,2353904,t,300s,1SPT,UNPA,Unidentified Passerine,"",1,5036078,1,Song,10.66,1.75,82,f,,Dominic Cormier,1388,
CWS-PAC,3307,201-089,539352,,-134.863980,59.922620,,,2578716,2024-06-02 04:47:00,2353904,t,300s,1SPT,GCSP,Golden-crowned Sparrow,ZONOTRICHIA ATRICAPILLA,1,5036011,1,Song,2.56,2.54,81,f,,Dominic Cormier,1388,
CWS-PAC,3307,201-089,539352,,-134.863980,59.922620,,,2453921,2024-06-06 07:42:00,2228821,t,300s,1SPT,NONE,NONE,"",,,,,,,,,,Dominic Cormier,1388,
CWS-PAC,3307,201-089,539352,,-134.863980,59.922620,,,2453903,2024-06-08 05:40:00,2228803,t,300s,1SPT,FOSP,Fox Sparrow,PASSERELLA ILIACA,1,5013912,1,Song,161.59,1.94,14,f,,Dominic Cormier,1388,
CWS-PAC,3307,201-089,539352,,-134.863980,59.922620,,,2453903,2024-06-08 05:40:00,2228803,t,300s,1SPT,AMRO,American Robin,TURDUS MIGRATORIUS,1,5013877,1,Song,5.39,2.99,68,f,,Dominic Cormier,1388,
CWS-PAC,3307,201-089,539352,,-134.863980,59.922620,,,2453903,2024-06-08 05:40:00,2228803,t,300s,1SPT,GCSP,Golden-crowned Sparrow,ZONOTRICHIA ATRICAPILLA,2,5013884,1,Call,31.69,0.61,78,f,,Dominic Cormier,1388,
CWS-PAC,3307,201-089,539352,,-134.863980,59.922620,,,2453903,2024-06-08 05:40:00,2228803,t,300s,1SPT,GCSP,Golden-crowned Sparrow,ZONOTRICHIA ATRICAPILLA,1,5013881,1,Call,9.39,5.98,24,f,,Dominic Cormier,1388,
CWS-PAC,3307,201-089,539352,,-134.863980,59.922620,,,2453903,2024-06-08 05:40:00,2228803,t,300s,1SPT,WIWA,Wilson's Warbler,CARDELLINA PUSILLA,2,5013902,1,Song,107.19,1.43,82,f,,Dominic Cormier,1388,
CWS-PAC,3307,201-089,539352,,-134.863980,59.922620,,,2453903,2024-06-08 05:40:00,2228803,t,300s,1SPT,WIWA,Wilson's Warbler,CARDELLINA PUSILLA,1,5013871,1,Song,2.36,1.38,97,f,,Dominic Cormier,1388,
CWS-PAC,3307,201-089,539352,,-134.863980,59.922620,,,2453903,2024-06-08 05:40:00,2228803,t,300s,1SPT,YRWA,Yellow-rumped Warbler,SETOPHAGA CORONATA,1,5013917,1,Song,184.04,1.10,87,f,,Dominic Cormier,1388,
CWS-PAC,3307,201-089,539352,,-134.863980,59.922620,,,2453904,2024-06-13 05:37:00,2228804,t,300s,1SPT,FOSP,Fox Sparrow,PASSERELLA ILIACA,1,5013934,1,Song,24.06,2.03,12,f,,Dominic Cormier,1388,
CWS-PAC,3307,201-089,539352,,-134.863980,59.922620,,,2453904,2024-06-13 05:37:00,2228804,t,300s,1SPT,WIWA,Wilson's Warbler,CARDELLINA PUSILLA,1,5013896,1,Song,12.48,1.31,83,f,,Dominic Cormier,1388,
CWS-PAC,3307,201-089,539352,,-134.863980,59.922620,,,2453904,2024-06-13 05:37:00,2228804,t,300s,1SPT,GCSP,Golden-crowned Sparrow,ZONOTRICHIA ATRICAPILLA,1,5013939,1,Song,64.16,2.25,29,f,,Dominic Cormier,1388,
CWS-PAC,3307,201-089,539352,,-134.863980,59.922620,,,2453904,2024-06-13 05:37:00,2228804,t,300s,1SPT,AMRO,American Robin,TURDUS MIGRATORIUS,1,5013961,1,Call,163.69,1.21,92,f,,Dominic Cormier,1388,
CWS-PAC,3307,201-089,539352,,-134.863980,59.922620,,,2453904,2024-06-13 05:37:00,2228804,t,300s,1SPT,AMPI,American Pipit,ANTHUS RUBESCENS,1,5013947,1,Song,129.80,4.31,13,f,,Dominic Cormier,1388,
CWS-PAC,3307,201-089,539352,,-134.863980,59.922620,,,2453906,2024-06-16 04:36:00,2228806,t,300s,1SPT,GCSP,Golden-crowned Sparrow,ZONOTRICHIA ATRICAPILLA,2,5013976,1,Song,72.26,2.24,39,f,,Dominic Cormier,1388,
CWS-PAC,3307,201-089,539352,,-134.863980,59.922620,,,2453906,2024-06-16 04:36:00,2228806,t,300s,1SPT,GCSP,Golden-crowned Sparrow,ZONOTRICHIA ATRICAPILLA,1,5013906,1,Song,1.38,2.84,84,f,,Dominic Cormier,1388,
CWS-PAC,3307,201-089,539352,,-134.863980,59.922620,,,2453906,2024-06-16 04:36:00,2228806,t,300s,1SPT,YRWA,Yellow-rumped Warbler,SETOPHAGA CORONATA,1,5013975,1,Song,49.69,1.40,97,f,,Dominic Cormier,1388,
CWS-PAC,3307,201-089,539352,,-134.863980,59.922620,,,2453906,2024-06-16 04:36:00,2228806,t,300s,1SPT,HETH,Hermit Thrush,CATHARUS GUTTATUS,1,5013905,1,Song,0.58,1.43,32,f,,Dominic Cormier,1388,
CWS-PAC,3307,201-089,539352,,-134.863980,59.922620,,,2453908,2024-06-17 05:36:00,2228808,t,300s,1SPT,GCSP,Golden-crowned Sparrow,ZONOTRICHIA ATRICAPILLA,1,5013923,1,Call,1.49,0.33,78,f,,Dominic Cormier,1388,
CWS-PAC,3307,201-089,539352,,-134.863980,59.922620,,,2453908,2024-06-17 05:36:00,2228808,t,300s,1SPT,GCTH,Gray-cheeked Thrush,CATHARUS MINIMUS,1,5014058,1,Song,180.21,1.30,86,f,,Dominic Cormier,1388,
CWS-PAC,3307,201-089,539352,,-134.863980,59.922620,,,2453908,2024-06-17 05:36:00,2228808,t,300s,1SPT,FOSP,Fox Sparrow,PASSERELLA ILIACA,1,5014044,1,Song,94.00,1.80,92,f,,Dominic Cormier,1388,
CWS-PAC,3307,201-089,539352,,-134.863980,59.922620,,,2453908,2024-06-17 05:36:00,2228808,t,300s,1SPT,HETH,Hermit Thrush,CATHARUS GUTTATUS,1,5014027,1,Song,9.06,1.35,27,f,,Dominic Cormier,1388,
CWS-PAC,3307,201-089,539352,,-134.863980,59.922620,,,2453908,2024-06-17 05:36:00,2228808,t,300s,1SPT,REDP,Redpoll,ACANTHIS FLAMMEA,1,5014038,1,Call,62.58,1.99,82,f,,Dominic Cormier,1388,
CWS-PAC,3307,201-089,539352,,-134.863980,59.922620,,,2453911,2024-06-19 04:36:00,2228811,t,300s,1SPT,FOSP,Fox Sparrow,PASSERELLA ILIACA,1,5013927,1,Song,5.89,2.50,8,f,,Dominic Cormier,1388,
CWS-PAC,3307,201-089,539352,,-134.863980,59.922620,,,2453911,2024-06-19 04:36:00,2228811,t,300s,1SPT,YRWA,Yellow-rumped Warbler,SETOPHAGA CORONATA,1,5014078,1,Song,101.03,1.21,77,f,,Dominic Cormier,1388,
CWS-PAC,3307,201-089,539352,,-134.863980,59.922620,,,2453911,2024-06-19 04:36:00,2228811,t,300s,1SPT,HETH,Hermit Thrush,CATHARUS GUTTATUS,1,5014074,1,Song,22.35,1.33,96,f,,Dominic Cormier,1388,
CWS-PAC,3307,201-089,539352,,-134.863980,59.922620,,,2453911,2024-06-19 04:36:00,2228811,t,300s,1SPT,GCSP,Golden-crowned Sparrow,ZONOTRICHIA ATRICAPILLA,1,5013926,1,Song,7.34,2.31,32,f,,Dominic Cormier,1388,
CWS-PAC,3307,201-089,539352,,-134.863980,59.922620,,,2453911,2024-06-19 04:36:00,2228811,t,300s,1SPT,UNPA,Unidentified Passerine,"",1,5014087,1,Song,254.41,1.31,98,f,,Dominic Cormier,1388,
CWS-PAC,3307,201-089,539352,,-134.863980,59.922620,,,2453911,2024-06-19 04:36:00,2228811,t,300s,1SPT,GCSP,Golden-crowned Sparrow,ZONOTRICHIA ATRICAPILLA,2,5013928,1,Song,11.51,2.53,14,f,,Dominic Cormier,1388,
CWS-PAC,3307,201-089,539352,,-134.863980,59.922620,,,2453911,2024-06-19 04:36:00,2228811,t,300s,1SPT,AMRO,American Robin,TURDUS MIGRATORIUS,1,5013929,1,Song,2.34,2.63,93,f,,Dominic Cormier,1388,
CWS-PAC,3307,201-118,539366,,-134.795200,59.908340,,,2578688,2024-06-03 06:46:00,2353876,t,300s,1SPT,OCWA,Orange-crowned Warbler,LEIOTHLYPIS CELATA,1,5034398,1,Song,67.40,1.75,78,f,,Dominic Cormier,1388,
CWS-PAC,3307,201-118,539366,,-134.795200,59.908340,,,2578688,2024-06-03 06:46:00,2353876,t,300s,1SPT,YRWA,Yellow-rumped Warbler,SETOPHAGA CORONATA,2,5034386,1,Song,3.09,1.68,32,f,,Dominic Cormier,1388,
CWS-PAC,3307,201-118,539366,,-134.795200,59.908340,,,2578688,2024-06-03 06:46:00,2353876,t,300s,1SPT,RESQ,Red Squirrel,TAMIASCIURUS HUDSONICUS,1,5034391,1,Call,23.60,1.28,5,f,,Dominic Cormier,1388,
CWS-PAC,3307,201-118,539366,,-134.795200,59.908340,,,2578688,2024-06-03 06:46:00,2353876,t,300s,1SPT,SWTH,Swainson's Thrush,CATHARUS USTULATUS,1,5034400,1,Call,83.66,0.64,32,f,,Dominic Cormier,1388,
CWS-PAC,3307,201-118,539366,,-134.795200,59.908340,,,2578688,2024-06-03 06:46:00,2353876,t,300s,1SPT,RESQ,Red Squirrel,TAMIASCIURUS HUDSONICUS,2,5034392,1,Call,24.93,3.00,73,f,,Dominic Cormier,1388,
CWS-PAC,3307,201-118,539366,,-134.795200,59.908340,,,2578688,2024-06-03 06:46:00,2353876,t,300s,1SPT,YRWA,Yellow-rumped Warbler,SETOPHAGA CORONATA,1,5034388,1,Song,1.58,1.74,68,f,,Dominic Cormier,1388,
CWS-PAC,3307,201-118,539366,,-134.795200,59.908340,,,2578688,2024-06-03 06:46:00,2353876,t,300s,1SPT,WIWA,Wilson's Warbler,CARDELLINA PUSILLA,1,5034385,1,Song,5.46,1.75,85,f,,Dominic Cormier,1388,
CWS-PAC,3307,201-118,539366,,-134.795200,59.908340,,,2578688,2024-06-03 06:46:00,2353876,t,300s,1SPT,WIWA,Wilson's Warbler,CARDELLINA PUSILLA,2,5034397,1,Song,65.44,1.61,49,f,,Dominic Cormier,1388,
CWS-PAC,3307,201-118,539366,,-134.795200,59.908340,,,2578688,2024-06-03 06:46:00,2353876,t,300s,1SPT,WIWA,Wilson's Warbler,CARDELLINA PUSILLA,3,5034399,1,Song,71.69,0.96,73,f,,Dominic Cormier,1388,
CWS-PAC,3307,201-118,539366,,-134.795200,59.908340,,,2578688,2024-06-03 06:46:00,2353876,t,300s,1SPT,TOWA,Townsend's Warbler,SETOPHAGA TOWNSENDI,1,5034384,1,Song,8.28,2.26,56,f,,Dominic Cormier,1388,
CWS-PAC,3307,201-118,539366,,-134.795200,59.908340,,,2578688,2024-06-03 06:46:00,2353876,t,300s,1SPT,AMRO,American Robin,TURDUS MIGRATORIUS,1,5034387,1,Song,1.93,2.89,68,f,,Dominic Cormier,1388,
CWS-PAC,3307,201-118,539366,,-134.795200,59.908340,,,2578689,2024-06-05 05:43:00,2353877,t,300s,1SPT,OCWA,Orange-crowned Warbler,LEIOTHLYPIS CELATA,1,5034417,1,Song,34.88,1.55,35,f,,Dominic Cormier,1388,
CWS-PAC,3307,201-118,539366,,-134.795200,59.908340,,,2578689,2024-06-05 05:43:00,2353877,t,300s,1SPT,WIWA,Wilson's Warbler,CARDELLINA PUSILLA,1,5034393,1,Song,3.14,1.76,57,f,,Dominic Cormier,1388,
CWS-PAC,3307,201-118,539366,,-134.795200,59.908340,,,2578689,2024-06-05 05:43:00,2353877,t,300s,1SPT,WIWA,Wilson's Warbler,CARDELLINA PUSILLA,2,5034414,1,Song,27.48,0.99,89,f,,Dominic Cormier,1388,
CWS-PAC,3307,201-118,539366,,-134.795200,59.908340,,,2578689,2024-06-05 05:43:00,2353877,t,300s,1SPT,OSFL,Olive-sided Flycatcher,CONTOPUS COOPERI,1,5034411,1,Song,1.34,1.09,40,f,,Dominic Cormier,1388,
CWS-PAC,3307,201-118,539366,,-134.795200,59.908340,,,2578689,2024-06-05 05:43:00,2353877,t,300s,1SPT,AMRO,American Robin,TURDUS MIGRATORIUS,1,5034394,1,Song,1.99,3.46,0,f,,Dominic Cormier,1388,
CWS-PAC,3307,201-118,539366,,-134.795200,59.908340,,,2578689,2024-06-05 05:43:00,2353877,t,300s,1SPT,AMRO,American Robin,TURDUS MIGRATORIUS,2,5034418,1,Song,98.63,3.01,54,f,,Dominic Cormier,1388,
CWS-PAC,3307,201-118,539366,,-134.795200,59.908340,,,2578689,2024-06-05 05:43:00,2353877,t,300s,1SPT,YRWA,Yellow-rumped Warbler,SETOPHAGA CORONATA,1,5034396,1,Song,2.03,1.96,62,f,,Dominic Cormier,1388,
CWS-PAC,3307,201-118,539366,,-134.795200,59.908340,,,2578689,2024-06-05 05:43:00,2353877,t,300s,1SPT,YRWA,Yellow-rumped Warbler,SETOPHAGA CORONATA,2,5034413,1,Song,12.66,1.65,36,f,,Dominic Cormier,1388,
CWS-PAC,3307,201-118,539366,,-134.795200,59.908340,,,2578689,2024-06-05 05:43:00,2353877,t,300s,1SPT,RESQ,Red Squirrel,TAMIASCIURUS HUDSONICUS,1,5034415,1,Call,31.33,3.84,72,f,,Dominic Cormier,1388,
CWS-PAC,3307,201-118,539366,,-134.795200,59.908340,,,2578689,2024-06-05 05:43:00,2353877,t,300s,1SPT,RESQ,Red Squirrel,TAMIASCIURUS HUDSONICUS,2,5034419,1,Call,161.46,4.03,4,f,,Dominic Cormier,1388,
CWS-PAC,3307,201-118,539366,,-134.795200,59.908340,,,2578689,2024-06-05 05:43:00,2353877,t,300s,1SPT,SWTH,Swainson's Thrush,CATHARUS USTULATUS,1,5034412,1,Song,5.03,1.81,50,f,,Dominic Cormier,1388,
CWS-PAC,3307,201-118,539366,,-134.795200,59.908340,,,2578690,2024-06-06 05:42:00,2353878,t,300s,1SPT,AMRO,American Robin,TURDUS MIGRATORIUS,1,5034408,1,Call,2.90,1.85,72,f,,Dominic Cormier,1388,
CWS-PAC,3307,201-118,539366,,-134.795200,59.908340,,,2578690,2024-06-06 05:42:00,2353878,t,300s,1SPT,YRWA,Yellow-rumped Warbler,SETOPHAGA CORONATA,3,5034410,1,Song,9.90,1.96,81,f,,Dominic Cormier,1388,
CWS-PAC,3307,201-118,539366,,-134.795200,59.908340,,,2578690,2024-06-06 05:42:00,2353878,t,300s,1SPT,YRWA,Yellow-rumped Warbler,SETOPHAGA CORONATA,2,5034451,1,Song,4.65,1.23,22,f,,Dominic Cormier,1388,
CWS-PAC,3307,201-118,539366,,-134.795200,59.908340,,,2578690,2024-06-06 05:42:00,2353878,t,300s,1SPT,YRWA,Yellow-rumped Warbler,SETOPHAGA CORONATA,1,5034447,1,Song,1.44,1.10,26,f,,Dominic Cormier,1388,
CWS-PAC,3307,201-118,539366,,-134.795200,59.908340,,,2578690,2024-06-06 05:42:00,2353878,t,300s,1SPT,OCWA,Orange-crowned Warbler,LEIOTHLYPIS CELATA,1,5034407,1,Song,6.15,1.69,25,f,,Dominic Cormier,1388,
CWS-PAC,3307,201-118,539366,,-134.795200,59.908340,,,2578690,2024-06-06 05:42:00,2353878,t,300s,1SPT,CHSP,Chipping Sparrow,SPIZELLA PASSERINA,1,5034452,1,Call,60.38,0.64,88,f,,Dominic Cormier,1388,
CWS-PAC,3307,201-118,539366,,-134.795200,59.908340,,,2578690,2024-06-06 05:42:00,2353878,t,300s,1SPT,TOWA,Townsend's Warbler,SETOPHAGA TOWNSENDI,1,5034449,1,Song,6.74,1.40,33,f,,Dominic Cormier,1388,
CWS-PAC,3307,201-118,539366,,-134.795200,59.908340,,,2578691,2024-06-08 04:40:00,2353879,t,300s,1SPT,SWTH,Swainson's Thrush,CATHARUS USTULATUS,1,5034423,1,Song,102.13,1.45,85,f,,Dominic Cormier,1388,
CWS-PAC,3307,201-118,539366,,-134.795200,59.908340,,,2578691,2024-06-08 04:40:00,2353879,t,300s,1SPT,YRWA,Yellow-rumped Warbler,SETOPHAGA CORONATA,3,5034406,1,Song,6.24,1.84,12,f,,Dominic Cormier,1388,
CWS-PAC,3307,201-118,539366,,-134.795200,59.908340,,,2578691,2024-06-08 04:40:00,2353879,t,300s,1SPT,YRWA,Yellow-rumped Warbler,SETOPHAGA CORONATA,2,5034405,1,Song,3.59,1.74,43,f,,Dominic Cormier,1388,
CWS-PAC,3307,201-118,539366,,-134.795200,59.908340,,,2578691,2024-06-08 04:40:00,2353879,t,300s,1SPT,YRWA,Yellow-rumped Warbler,SETOPHAGA CORONATA,1,5034404,1,Song,1.90,1.63,22,f,,Dominic Cormier,1388,
CWS-PAC,3307,201-118,539366,,-134.795200,59.908340,,,2578691,2024-06-08 04:40:00,2353879,t,300s,1SPT,HETH,Hermit Thrush,CATHARUS GUTTATUS,1,5034420,1,Song,20.86,0.70,43,f,,Dominic Cormier,1388,
CWS-PAC,3307,201-118,539366,,-134.795200,59.908340,,,2578691,2024-06-08 04:40:00,2353879,t,300s,1SPT,AMRO,American Robin,TURDUS MIGRATORIUS,1,5034421,1,Call,72.39,0.69,53,f,,Dominic Cormier,1388,
CWS-PAC,3307,201-118,539366,,-134.795200,59.908340,,,2578692,2024-06-15 05:36:00,2353880,t,300s,1SPT,SWTH,Swainson's Thrush,CATHARUS USTULATUS,2,5034434,1,Song,6.94,1.81,75,f,,Dominic Cormier,1388,
CWS-PAC,3307,201-118,539366,,-134.795200,59.908340,,,2578692,2024-06-15 05:36:00,2353880,t,300s,1SPT,SWTH,Swainson's Thrush,CATHARUS USTULATUS,1,5034433,1,Song,5.23,1.48,0,f,,Dominic Cormier,1388,
CWS-PAC,3307,201-118,539366,,-134.795200,59.908340,,,2578692,2024-06-15 05:36:00,2353880,t,300s,1SPT,YRWA,Yellow-rumped Warbler,SETOPHAGA CORONATA,2,5034474,1,Song,13.31,1.79,45,f,,Dominic Cormier,1388,
CWS-PAC,3307,201-118,539366,,-134.795200,59.908340,,,2578692,2024-06-15 05:36:00,2353880,t,300s,1SPT,YRWA,Yellow-rumped Warbler,SETOPHAGA CORONATA,1,5034435,1,Song,8.45,1.90,24,f,,Dominic Cormier,1388,
CWS-PAC,3307,201-118,539366,,-134.795200,59.908340,,,2578692,2024-06-15 05:36:00,2353880,t,300s,1SPT,AMRO,American Robin,TURDUS MIGRATORIUS,1,5034477,1,Song,39.90,3.28,51,f,,Dominic Cormier,1388,
CWS-PAC,3307,201-118,539366,,-134.795200,59.908340,,,2578692,2024-06-15 05:36:00,2353880,t,300s,1SPT,WIWA,Wilson's Warbler,CARDELLINA PUSILLA,1,5034475,1,Song,16.40,1.84,50,f,,Dominic Cormier,1388,
CWS-PAC,3307,201-118,539366,,-134.795200,59.908340,,,2578693,2024-06-16 04:36:00,2353881,t,300s,1SPT,YRWA,Yellow-rumped Warbler,SETOPHAGA CORONATA,1,5034459,1,Song,1.39,1.26,9,f,,Dominic Cormier,1388,
CWS-PAC,3307,201-118,539366,,-134.795200,59.908340,,,2578693,2024-06-16 04:36:00,2353881,t,300s,1SPT,CHSP,Chipping Sparrow,SPIZELLA PASSERINA,1,5034470,1,Song,265.81,3.74,59,f,,Dominic Cormier,1388,
CWS-PAC,3307,201-118,539366,,-134.795200,59.908340,,,2578693,2024-06-16 04:36:00,2353881,t,300s,1SPT,RBNU,Red-breasted Nuthatch,SITTA CANADENSIS,1,5034468,1,Call,238.24,9.23,16,f,,Dominic Cormier,1388,
CWS-PAC,3307,201-118,539366,,-134.795200,59.908340,,,2578693,2024-06-16 04:36:00,2353881,t,300s,1SPT,SWTH,Swainson's Thrush,CATHARUS USTULATUS,3,5034465,1,Song,179.19,1.18,5,f,,Dominic Cormier,1388,
CWS-PAC,3307,201-118,539366,,-134.795200,59.908340,,,2578693,2024-06-16 04:36:00,2353881,t,300s,1SPT,SWTH,Swainson's Thrush,CATHARUS USTULATUS,2,5034430,1,Song,6.84,1.88,88,f,,Dominic Cormier,1388,
CWS-PAC,3307,201-118,539366,,-134.795200,59.908340,,,2578693,2024-06-16 04:36:00,2353881,t,300s,1SPT,SWTH,Swainson's Thrush,CATHARUS USTULATUS,1,5034429,1,Song,6.06,1.73,30,f,,Dominic Cormier,1388,
CWS-PAC,3307,201-118,539366,,-134.795200,59.908340,,,2578693,2024-06-16 04:36:00,2353881,t,300s,1SPT,YRWA,Yellow-rumped Warbler,SETOPHAGA CORONATA,3,5034428,1,Song,3.54,1.38,49,f,,Dominic Cormier,1388,
CWS-PAC,3307,201-118,539366,,-134.795200,59.908340,,,2578693,2024-06-16 04:36:00,2353881,t,300s,1SPT,YRWA,Yellow-rumped Warbler,SETOPHAGA CORONATA,2,5034426,1,Song,2.56,1.74,17,f,,Dominic Cormier,1388,
CWS-PAC,3307,201-118,539366,,-134.795200,59.908340,,,2578693,2024-06-16 04:36:00,2353881,t,300s,1SPT,AMRO,American Robin,TURDUS MIGRATORIUS,1,5034461,1,Call,30.11,1.34,53,f,,Dominic Cormier,1388,
CWS-PAC,3307,201-125,539365,,-134.868650,59.916670,,,2453912,2024-06-05 04:44:00,2228812,t,300s,1SPT,AMRO,American Robin,TURDUS MIGRATORIUS,1,5021193,1,Song,4.53,1.41,1,f,,Dominic Cormier,1388,
CWS-PAC,3307,201-125,539365,,-134.868650,59.916670,,,2453912,2024-06-05 04:44:00,2228812,t,300s,1SPT,HOLA,Horned Lark,EREMOPHILA ALPESTRIS,1,5021216,1,Song,253.93,1.15,15,f,,Dominic Cormier,1388,
CWS-PAC,3307,201-125,539365,,-134.868650,59.916670,,,2453912,2024-06-05 04:44:00,2228812,t,300s,1SPT,SAVS,Savannah Sparrow,PASSERCULUS SANDWICHENSIS,1,5021190,1,Song,2.08,2.13,59,f,,Dominic Cormier,1388,
CWS-PAC,3307,201-125,539365,,-134.868650,59.916670,,,2453912,2024-06-05 04:44:00,2228812,t,300s,1SPT,SAVS,Savannah Sparrow,PASSERCULUS SANDWICHENSIS,2,5021192,1,Song,5.94,2.21,97,f,,Dominic Cormier,1388,
CWS-PAC,3307,201-125,539365,,-134.868650,59.916670,,,2453912,2024-06-05 04:44:00,2228812,t,300s,1SPT,GCSP,Golden-crowned Sparrow,ZONOTRICHIA ATRICAPILLA,1,5021189,1,Song,1.05,2.30,52,f,,Dominic Cormier,1388,
CWS-PAC,3307,201-125,539365,,-134.868650,59.916670,,,2453912,2024-06-05 04:44:00,2228812,t,300s,1SPT,GCSP,Golden-crowned Sparrow,ZONOTRICHIA ATRICAPILLA,2,5021215,1,Song,136.38,2.15,92,f,,Dominic Cormier,1388,
CWS-PAC,3307,201-125,539365,,-134.868650,59.916670,,,2453912,2024-06-05 04:44:00,2228812,t,300s,1SPT,UNPA,Unidentified Passerine,"",1,5021213,1,Song,124.81,2.91,27,f,,Dominic Cormier,1388,
CWS-PAC,3307,201-125,539365,,-134.868650,59.916670,,,2453912,2024-06-05 04:44:00,2228812,t,300s,1SPT,WATA,Wandering Tattler,TRINGA INCANA,1,5021200,1,Song,15.44,4.58,80,f,,Dominic Cormier,1388,
CWS-PAC,3307,201-125,539365,,-134.868650,59.916670,,,2453913,2024-06-08 06:41:00,2228813,t,300s,1SPT,SAVS,Savannah Sparrow,PASSERCULUS SANDWICHENSIS,1,5021218,1,Song,113.88,1.79,59,f,,Dominic Cormier,1388,
CWS-PAC,3307,201-125,539365,,-134.868650,59.916670,,,2453913,2024-06-08 06:41:00,2228813,t,300s,1SPT,AMRO,American Robin,TURDUS MIGRATORIUS,1,5021220,1,Song,244.59,1.49,4,f,,Dominic Cormier,1388,
CWS-PAC,3307,201-125,539365,,-134.868650,59.916670,,,2453913,2024-06-08 06:41:00,2228813,t,300s,1SPT,AMPI,American Pipit,ANTHUS RUBESCENS,1,5021217,1,Call,69.20,0.64,12,f,,Dominic Cormier,1388,
CWS-PAC,3307,201-125,539365,,-134.868650,59.916670,,,2453914,2024-06-09 06:40:00,2228814,t,300s,1SPT,HOLA,Horned Lark,EREMOPHILA ALPESTRIS,1,5021224,1,Call,24.20,3.01,39,f,,Dominic Cormier,1388,
CWS-PAC,3307,201-125,539365,,-134.868650,59.916670,,,2453914,2024-06-09 06:40:00,2228814,t,300s,1SPT,GCSP,Golden-crowned Sparrow,ZONOTRICHIA ATRICAPILLA,1,5021221,1,Song,2.03,2.43,24,f,,Dominic Cormier,1388,
CWS-PAC,3307,201-125,539365,,-134.868650,59.916670,,,2453914,2024-06-09 06:40:00,2228814,t,300s,1SPT,AMRO,American Robin,TURDUS MIGRATORIUS,1,5021225,1,Call,201.05,0.88,81,f,,Dominic Cormier,1388,
CWS-PAC,3307,201-125,539365,,-134.868650,59.916670,,,2453914,2024-06-09 06:40:00,2228814,t,300s,1SPT,REDP,Redpoll,ACANTHIS FLAMMEA,1,5021222,1,Call,0.53,5.88,23,f,,Dominic Cormier,1388,
CWS-PAC,3307,201-125,539365,,-134.868650,59.916670,,,2453914,2024-06-09 06:40:00,2228814,t,300s,1SPT,AMPI,American Pipit,ANTHUS RUBESCENS,1,5021223,1,Song,22.75,0.79,51,f,,Dominic Cormier,1388,
CWS-PAC,3307,201-125,539365,,-134.868650,59.916670,,,2453918,2024-06-13 06:37:00,2228818,t,300s,1SPT,REDP,Redpoll,ACANTHIS FLAMMEA,1,5021227,1,Call,69.81,3.21,29,f,,Dominic Cormier,1388,
CWS-PAC,3307,201-125,539365,,-134.868650,59.916670,,,2453918,2024-06-13 06:37:00,2228818,t,300s,1SPT,WIWA,Wilson's Warbler,CARDELLINA PUSILLA,1,5021231,1,Song,232.19,1.34,4,f,,Dominic Cormier,1388,
CWS-PAC,3307,201-125,539365,,-134.868650,59.916670,,,2453918,2024-06-13 06:37:00,2228818,t,300s,1SPT,HOLA,Horned Lark,EREMOPHILA ALPESTRIS,1,5021226,1,Call,57.69,1.10,82,f,,Dominic Cormier,1388,
CWS-PAC,3307,201-125,539365,,-134.868650,59.916670,,,2453918,2024-06-13 06:37:00,2228818,t,300s,1SPT,GCSP,Golden-crowned Sparrow,ZONOTRICHIA ATRICAPILLA,1,5021219,1,Song,5.38,2.20,94,f,,Dominic Cormier,1388,
CWS-PAC,3307,201-125,539365,,-134.868650,59.916670,,,2453918,2024-06-13 06:37:00,2228818,t,300s,1SPT,GCSP,Golden-crowned Sparrow,ZONOTRICHIA ATRICAPILLA,2,5021228,1,Call,71.51,0.63,91,f,,Dominic Cormier,1388,
CWS-PAC,3307,201-125,539365,,-134.868650,59.916670,,,2453918,2024-06-13 06:37:00,2228818,t,300s,1SPT,WWCR,White-winged Crossbill,LOXIA LEUCOPTERA,1,5021232,1,Call,235.51,1.78,64,f,,Dominic Cormier,1388,
CWS-PAC,3307,201-125,539365,,-134.868650,59.916670,,,2453918,2024-06-13 06:37:00,2228818,t,300s,1SPT,AMPI,American Pipit,ANTHUS RUBESCENS,1,5021229,1,Call,170.24,0.54,32,f,,Dominic Cormier,1388,
CWS-PAC,3307,201-125,539365,,-134.868650,59.916670,,,2453919,2024-06-15 04:36:00,2228819,t,300s,1SPT,WATA,Wandering Tattler,TRINGA INCANA,1,5021241,1,Song,53.11,3.69,40,f,,Dominic Cormier,1388,
CWS-PAC,3307,201-125,539365,,-134.868650,59.916670,,,2453919,2024-06-15 04:36:00,2228819,t,300s,1SPT,GCSP,Golden-crowned Sparrow,ZONOTRICHIA ATRICAPILLA,3,5021242,1,Call,67.28,0.55,81,f,,Dominic Cormier,1388,
CWS-PAC,3307,201-125,539365,,-134.868650,59.916670,,,2453919,2024-06-15 04:36:00,2228819,t,300s,1SPT,GCSP,Golden-crowned Sparrow,ZONOTRICHIA ATRICAPILLA,2,5021239,1,Song,17.36,2.55,6,f,,Dominic Cormier,1388,
CWS-PAC,3307,201-125,539365,,-134.868650,59.916670,,,2453919,2024-06-15 04:36:00,2228819,t,300s,1SPT,GCSP,Golden-crowned Sparrow,ZONOTRICHIA ATRICAPILLA,1,5021237,1,Song,5.38,2.13,91,f,,Dominic Cormier,1388,
CWS-PAC,3307,201-125,539365,,-134.868650,59.916670,,,2453919,2024-06-15 04:36:00,2228819,t,300s,1SPT,SAVS,Savannah Sparrow,PASSERCULUS SANDWICHENSIS,2,5021236,1,Song,10.95,1.66,81,f,,Dominic Cormier,1388,
CWS-PAC,3307,201-125,539365,,-134.868650,59.916670,,,2453919,2024-06-15 04:36:00,2228819,t,300s,1SPT,SAVS,Savannah Sparrow,PASSERCULUS SANDWICHENSIS,1,5021235,1,Song,3.08,2.10,77,f,,Dominic Cormier,1388,
CWS-PAC,3307,201-125,539365,,-134.868650,59.916670,,,2453919,2024-06-15 04:36:00,2228819,t,300s,1SPT,HOLA,Horned Lark,EREMOPHILA ALPESTRIS,1,5021240,1,Song,26.24,2.00,10,f,,Dominic Cormier,1388,
CWS-PAC,3307,201-125,539365,,-134.868650,59.916670,,,2453919,2024-06-15 04:36:00,2228819,t,300s,1SPT,AMRO,American Robin,TURDUS MIGRATORIUS,2,5021238,1,Song,7.84,1.65,45,f,,Dominic Cormier,1388,
CWS-PAC,3307,201-125,539365,,-134.868650,59.916670,,,2453919,2024-06-15 04:36:00,2228819,t,300s,1SPT,AMRO,American Robin,TURDUS MIGRATORIUS,1,5021234,1,Song,0.11,1.29,90,f,,Dominic Cormier,1388,
CWS-PAC,3307,201-125,539365,,-134.868650,59.916670,,,2453920,2024-06-18 04:36:00,2228820,t,300s,1SPT,GCSP,Golden-crowned Sparrow,ZONOTRICHIA ATRICAPILLA,2,5021252,1,Song,106.34,2.55,76,f,,Dominic Cormier,1388,
CWS-PAC,3307,201-125,539365,,-134.868650,59.916670,,,2453920,2024-06-18 04:36:00,2228820,t,300s,1SPT,GCSP,Golden-crowned Sparrow,ZONOTRICHIA ATRICAPILLA,1,5021245,1,Song,20.23,1.63,71,f,,Dominic Cormier,1388,
CWS-PAC,3307,201-166,539361,,-134.811710,59.916170,,,2578694,2024-06-03 04:46:00,2353882,t,300s,1SPT,GCKI,Golden-crowned Kinglet,REGULUS SATRAPA,1,5034439,1,Song,4.34,2.31,86,f,,Dominic Cormier,1388,
CWS-PAC,3307,201-166,539361,,-134.811710,59.916170,,,2578694,2024-06-03 04:46:00,2353882,t,300s,1SPT,WIWA,Wilson's Warbler,CARDELLINA PUSILLA,1,5034489,1,Song,9.10,1.71,23,f,,Dominic Cormier,1388,
CWS-PAC,3307,201-166,539361,,-134.811710,59.916170,,,2578694,2024-06-03 04:46:00,2353882,t,300s,1SPT,OCWA,Orange-crowned Warbler,LEIOTHLYPIS CELATA,1,5034437,1,Song,5.46,1.65,85,f,,Dominic Cormier,1388,
CWS-PAC,3307,201-166,539361,,-134.811710,59.916170,,,2578694,2024-06-03 04:46:00,2353882,t,300s,1SPT,VATH,Varied Thrush,IXOREUS NAEVIUS,1,5034441,1,Song,0.33,1.59,93,f,,Dominic Cormier,1388,
CWS-PAC,3307,201-166,539361,,-134.811710,59.916170,,,2578694,2024-06-03 04:46:00,2353882,t,300s,1SPT,SWTH,Swainson's Thrush,CATHARUS USTULATUS,1,5034490,1,Song,13.84,1.30,41,f,,Dominic Cormier,1388,
CWS-PAC,3307,201-166,539361,,-134.811710,59.916170,,,2578694,2024-06-03 04:46:00,2353882,t,300s,1SPT,HETH,Hermit Thrush,CATHARUS GUTTATUS,1,5034498,1,Call,208.74,0.74,37,f,,Dominic Cormier,1388,
CWS-PAC,3307,201-166,539361,,-134.811710,59.916170,,,2578694,2024-06-03 04:46:00,2353882,t,300s,1SPT,DEJU,Dark-eyed Junco,JUNCO HYEMALIS,1,5034494,1,Song,159.25,1.48,24,f,,Dominic Cormier,1388,
CWS-PAC,3307,201-166,539361,,-134.811710,59.916170,,,2578694,2024-06-03 04:46:00,2353882,t,300s,1SPT,TOWA,Townsend's Warbler,SETOPHAGA TOWNSENDI,3,5034499,1,Song,248.59,1.65,63,f,,Dominic Cormier,1388,
CWS-PAC,3307,201-166,539361,,-134.811710,59.916170,,,2578694,2024-06-03 04:46:00,2353882,t,300s,1SPT,TOWA,Townsend's Warbler,SETOPHAGA TOWNSENDI,1,5034488,1,Song,1.59,1.38,7,f,,Dominic Cormier,1388,
CWS-PAC,3307,201-166,539361,,-134.811710,59.916170,,,2578694,2024-06-03 04:46:00,2353882,t,300s,1SPT,TOWA,Townsend's Warbler,SETOPHAGA TOWNSENDI,2,5034440,1,Song,3.33,2.26,94,f,,Dominic Cormier,1388,
CWS-PAC,3307,201-166,539361,,-134.811710,59.916170,,,2578694,2024-06-03 04:46:00,2353882,t,300s,1SPT,MOCH,Mountain Chickadee,POECILE GAMBELI,1,5034491,1,Call,22.76,1.98,18,f,,Dominic Cormier,1388,
CWS-PAC,3307,201-166,539361,,-134.811710,59.916170,,,2578695,2024-06-04 06:44:00,2353883,f,300s,1SPT,TOWA,Townsend's Warbler,SETOPHAGA TOWNSENDI,1,5034570,1,Song,8.95,1.96,,,,Dominic Cormier,1388,
CWS-PAC,3307,201-166,539361,,-134.811710,59.916170,,,2578695,2024-06-04 06:44:00,2353883,f,300s,1SPT,WIWA,Wilson's Warbler,CARDELLINA PUSILLA,1,5034569,1,Song,8.65,1.35,,,,Dominic Cormier,1388,
CWS-PAC,3307,201-166,539361,,-134.811710,59.916170,,,2578696,2024-06-06 05:42:00,2353884,t,300s,1SPT,SWTH,Swainson's Thrush,CATHARUS USTULATUS,1,5034503,1,Song,51.44,1.11,79,f,,Dominic Cormier,1388,
CWS-PAC,3307,201-166,539361,,-134.811710,59.916170,,,2578696,2024-06-06 05:42:00,2353884,t,300s,1SPT,WIWA,Wilson's Warbler,CARDELLINA PUSILLA,1,5034442,1,Song,1.55,1.00,27,f,,Dominic Cormier,1388,
CWS-PAC,3307,201-166,539361,,-134.811710,59.916170,,,2578696,2024-06-06 05:42:00,2353884,t,300s,1SPT,TOWA,Townsend's Warbler,SETOPHAGA TOWNSENDI,1,5034502,1,Song,29.63,1.24,52,f,,Dominic Cormier,1388,
CWS-PAC,3307,201-166,539361,,-134.811710,59.916170,,,2578696,2024-06-06 05:42:00,2353884,t,300s,1SPT,TOWA,Townsend's Warbler,SETOPHAGA TOWNSENDI,2,5034507,1,Call,208.78,0.41,20,f,,Dominic Cormier,1388,
CWS-PAC,3307,201-166,539361,,-134.811710,59.916170,,,2578698,2024-06-08 07:40:00,2353886,t,300s,1SPT,SWTH,Swainson's Thrush,CATHARUS USTULATUS,2,5034549,1,Song,260.64,1.86,28,f,,Dominic Cormier,1388,
CWS-PAC,3307,201-166,539361,,-134.811710,59.916170,,,2578698,2024-06-08 07:40:00,2353886,t,300s,1SPT,SWTH,Swainson's Thrush,CATHARUS USTULATUS,1,5034539,1,Song,19.14,1.35,36,f,,Dominic Cormier,1388,
CWS-PAC,3307,201-166,539361,,-134.811710,59.916170,,,2578698,2024-06-08 07:40:00,2353886,t,300s,1SPT,RESQ,Red Squirrel,TAMIASCIURUS HUDSONICUS,1,5034551,1,Call,283.34,2.68,62,f,,Dominic Cormier,1388,
CWS-PAC,3307,201-166,539361,,-134.811710,59.916170,,,2578698,2024-06-08 07:40:00,2353886,t,300s,1SPT,HETH,Hermit Thrush,CATHARUS GUTTATUS,1,5034456,1,Song,6.03,1.41,13,f,,Dominic Cormier,1388,
CWS-PAC,3307,201-166,539361,,-134.811710,59.916170,,,2578698,2024-06-08 07:40:00,2353886,t,300s,1SPT,DEJU,Dark-eyed Junco,JUNCO HYEMALIS,1,5034546,1,Song,107.98,2.19,80,f,,Dominic Cormier,1388,
CWS-PAC,3307,201-166,539361,,-134.811710,59.916170,,,2578698,2024-06-08 07:40:00,2353886,t,300s,1SPT,TOWA,Townsend's Warbler,SETOPHAGA TOWNSENDI,2,5034455,1,Song,3.46,1.80,54,f,,Dominic Cormier,1388,
CWS-PAC,3307,201-166,539361,,-134.811710,59.916170,,,2578698,2024-06-08 07:40:00,2353886,t,300s,1SPT,TOWA,Townsend's Warbler,SETOPHAGA TOWNSENDI,1,5034454,1,Song,1.95,2.09,1,f,,Dominic Cormier,1388,
CWS-PAC,3307,201-166,539361,,-134.811710,59.916170,,,2578697,2024-06-09 07:39:00,2353885,t,300s,1SPT,TOWA,Townsend's Warbler,SETOPHAGA TOWNSENDI,1,5034443,1,Song,5.96,1.80,98,f,,Dominic Cormier,1388,
CWS-PAC,3307,201-166,539361,,-134.811710,59.916170,,,2578697,2024-06-09 07:39:00,2353885,t,300s,1SPT,RESQ,Red Squirrel,TAMIASCIURUS HUDSONICUS,1,5034514,1,Call,99.66,4.54,40,f,,Dominic Cormier,1388,
CWS-PAC,3307,201-166,539361,,-134.811710,59.916170,,,2578697,2024-06-09 07:39:00,2353885,t,300s,1SPT,HETH,Hermit Thrush,CATHARUS GUTTATUS,1,5034511,1,Song,28.75,1.19,52,f,,Dominic Cormier,1388,
CWS-PAC,3307,201-166,539361,,-134.811710,59.916170,,,2578697,2024-06-09 07:39:00,2353885,t,300s,1SPT,UNKN,Unidentified signal,"",1,5034508,1,Call,0.58,3.83,24,f,,Dominic Cormier,1388,
CWS-PAC,3307,201-166,539361,,-134.811710,59.916170,,,2578697,2024-06-09 07:39:00,2353885,t,300s,1SPT,GCKI,Golden-crowned Kinglet,REGULUS SATRAPA,1,5034446,1,Song,8.30,1.58,48,f,,Dominic Cormier,1388,
CWS-PAC,3307,201-166,539361,,-134.811710,59.916170,,,2578697,2024-06-09 07:39:00,2353885,t,300s,1SPT,TOWA,Townsend's Warbler,SETOPHAGA TOWNSENDI,3,5034513,1,Song,72.29,1.26,43,f,,Dominic Cormier,1388,
CWS-PAC,3307,201-166,539361,,-134.811710,59.916170,,,2578697,2024-06-09 07:39:00,2353885,t,300s,1SPT,TOWA,Townsend's Warbler,SETOPHAGA TOWNSENDI,2,5034444,1,Song,7.56,2.18,60,f,,Dominic Cormier,1388,
CWS-PAC,3307,201-166,539361,,-134.811710,59.916170,,,2578699,2024-06-13 04:37:00,2353887,t,300s,1SPT,TOWA,Townsend's Warbler,SETOPHAGA TOWNSENDI,3,5034563,1,Song,87.34,1.74,32,f,,Dominic Cormier,1388,
CWS-PAC,3307,201-166,539361,,-134.811710,59.916170,,,2578699,2024-06-13 04:37:00,2353887,t,300s,1SPT,DEJU,Dark-eyed Junco,JUNCO HYEMALIS,2,5034567,1,Song,132.64,1.24,37,f,,Dominic Cormier,1388,
CWS-PAC,3307,201-166,539361,,-134.811710,59.916170,,,2578699,2024-06-13 04:37:00,2353887,t,300s,1SPT,TOWA,Townsend's Warbler,SETOPHAGA TOWNSENDI,1,5034457,1,Song,4.96,2.11,11,f,,Dominic Cormier,1388,
CWS-PAC,3307,201-166,539361,,-134.811710,59.916170,,,2578699,2024-06-13 04:37:00,2353887,t,300s,1SPT,SWTH,Swainson's Thrush,CATHARUS USTULATUS,2,5034555,1,Song,25.39,2.09,62,f,,Dominic Cormier,1388,
CWS-PAC,3307,201-166,539361,,-134.811710,59.916170,,,2578699,2024-06-13 04:37:00,2353887,t,300s,1SPT,SWTH,Swainson's Thrush,CATHARUS USTULATUS,1,5034552,1,Song,2.85,1.41,66,f,,Dominic Cormier,1388,
CWS-PAC,3307,201-166,539361,,-134.811710,59.916170,,,2578699,2024-06-13 04:37:00,2353887,t,300s,1SPT,DEJU,Dark-eyed Junco,JUNCO HYEMALIS,1,5034553,1,Song,0.89,1.50,97,f,,Dominic Cormier,1388,
CWS-PAC,3307,201-166,539361,,-134.811710,59.916170,,,2578699,2024-06-13 04:37:00,2353887,t,300s,1SPT,TOWA,Townsend's Warbler,SETOPHAGA TOWNSENDI,2,5034554,1,Song,8.26,2.16,67,f,,Dominic Cormier,1388,
